,Player,Signed,WeeklyGrossEuro,AnnualGrossEuro,TotalGrossEuro,ExpDate,Length,Club,season,ExpDateYear,League
0,César Azpilicueta,"Apr 1, 2022",180457.0,9383780.0,18767560.0,"Jun 30, 2023",2.0,Chelsea,2021-2022,2023.0,premier-league
1,Bruno Fernandes,"Apr 1, 2022",288732.0,15014048.0,75070239.0,"Jun 30, 2026",5.0,Manchester United,2021-2022,2026.0,premier-league
2,João Cancelo,"Feb 1, 2022",96244.0,5004683.0,30028096.0,"Jun 30, 2027",6.0,Manchester City,2021-2022,2027.0,premier-league
3,Bryan Mbeumo,"Jan 26, 2022",24061.0,1251171.0,6255853.0,"Jun 30, 2026",5.0,Brentford,2021-2022,2026.0,premier-league
4,Emiliano Martínez,"Jan 21, 2022",57145.0,2971530.0,17829182.0,"Jun 30, 2027",6.0,Aston Villa,2021-2022,2027.0,premier-league
5,Kortney Hause,"Jan 21, 2022",9717.0,505280.0,2021122.0,"Jun 30, 2025",4.0,Aston Villa,2021-2022,2025.0,premier-league
6,Hugo Lloris,"Jan 21, 2022",120305.0,6255853.0,18767560.0,"Jun 30, 2024",3.0,Tottenham,2021-2022,2024.0,premier-league
7,Pontus Jansson,"Jan 14, 2022",30076.0,1563963.0,3127927.0,"Jun 30, 2023",2.0,Brentford,2021-2022,2023.0,premier-league
8,Adam Forshaw,"Jan 14, 2022",24061.0,1251171.0,2502341.0,"Jun 30, 2023",2.0,Leeds,2021-2022,2023.0,premier-league
9,Willy Caballero,"Jan 7, 2022",20591.0,1070713.0,1070713.0,"Jun 30, 2022",1.0,Southampton,2021-2022,2022.0,premier-league
10,Michail Antonio,"Jan 7, 2022",84213.0,4379097.0,13137292.0,"Jun 30, 2024",3.0,West Ham,2021-2022,2024.0,premier-league
11,Thiago Silva,"Jan 3, 2022",132335.0,6881439.0,13762877.0,"Jun 30, 2023",2.0,Chelsea,2021-2022,2023.0,premier-league
12,Christian Nörgaard,"Jan 1, 2022",24061.0,1251171.0,5004683.0,"Jun 30, 2025",4.0,Brentford,2021-2022,2025.0,premier-league
13,Anthony Elanga,"Dec 24, 2021",10874.0,565433.0,2827164.0,"Jun 30, 2026",5.0,Manchester United,2021-2022,2026.0,premier-league
14,Jarrad Branthwaite,"Dec 11, 2021",18046.0,938378.0,3753512.0,"Jun 30, 2025",4.0,Everton,2021-2022,2025.0,premier-league
15,Max Kilman,"Nov 5, 2021",18046.0,938378.0,4691890.0,"Jun 30, 2026",5.0,Wolverhampton,2021-2022,2026.0,premier-league
16,Trevoh Chalobah,"Nov 4, 2021",24061.0,1251171.0,6255853.0,"Jun 30, 2026",5.0,Chelsea,2021-2022,2026.0,premier-league
17,Zack Steffen,"Nov 4, 2021",55340.0,2877692.0,11510770.0,"Jun 30, 2025",4.0,Manchester City,2021-2022,2025.0,premier-league
18,Ederson,"Sep 1, 2021",78198.0,4066305.0,20331523.0,"Jun 30, 2026",5.0,Manchester City,2021-2022,2026.0,premier-league
19,Jordan Henderson,"Aug 31, 2021",168427.0,8758195.0,35032778.0,"Jun 30, 2025",4.0,Liverpool,2021-2022,2025.0,premier-league
20,Nathaniel Phillips,"Aug 31, 2021",77735.0,4042244.0,4042244.0,"May 31, 2022",1.0,Liverpool,2021-2022,2022.0,premier-league
21,Rhys Williams,"Aug 31, 2021",12030.0,625585.0,3127927.0,"Jun 30, 2026",5.0,Liverpool,2021-2022,2026.0,premier-league
22,Rúben Dias,"Aug 30, 2021",192488.0,10009365.0,60056191.0,"Jun 30, 2027",6.0,Manchester City,2021-2022,2027.0,premier-league
23,Andrew Robertson,"Aug 24, 2021",60152.0,3127927.0,15639633.0,"Jun 30, 2026",5.0,Liverpool,2021-2022,2026.0,premier-league
24,Granit Xhaka,"Aug 23, 2021",120305.0,6255853.0,18767560.0,"Jun 30, 2024",3.0,Arsenal,2021-2022,2024.0,premier-league
25,Solly March,"Aug 23, 2021",36091.0,1876756.0,5630268.0,"Jun 30, 2024",3.0,Brighton,2021-2022,2024.0,premier-league
26,Emerson,"Aug 19, 2021",50204.0,2610616.0,2610616.0,"Jun 30, 2022",1.0,Chelsea,2021-2022,2022.0,premier-league
27,Patrick Bamford,"Aug 19, 2021",42107.0,2189549.0,10947743.0,"Jun 30, 2026",5.0,Leeds,2021-2022,2026.0,premier-league
28,Harvey Barnes,"Aug 19, 2021",12030.0,625585.0,2502341.0,"Jun 30, 2025",4.0,Leicester,2021-2022,2025.0,premier-league
29,James Ward-Prowse,"Aug 19, 2021",54137.0,2815134.0,14075670.0,"Jun 30, 2026",5.0,Southampton,2021-2022,2026.0,premier-league
30,Kenedy,"Aug 18, 2021",30076.0,1563963.0,3127927.0,"Jun 30, 2023",2.0,Chelsea,2021-2022,2023.0,premier-league
31,Illan Meslier,"Aug 13, 2021",26375.0,1371476.0,6857378.0,"Jun 30, 2026",5.0,Leeds,2021-2022,2026.0,premier-league
32,Virgil van Dijk,"Aug 13, 2021",264671.0,13762877.0,55051509.0,"Jun 30, 2025",4.0,Liverpool,2021-2022,2025.0,premier-league
33,John Stones,"Aug 10, 2021",300762.0,15639633.0,78198166.0,"Jun 30, 2026",5.0,Manchester City,2021-2022,2026.0,premier-league
34,Axel Tuanzebe,"Aug 8, 2021",60152.0,3127927.0,3127927.0,"Jun 30, 2022",1.0,Manchester United,2021-2022,2022.0,premier-league
35,Alisson,"Aug 4, 2021",180457.0,9383780.0,56302679.0,"Jun 30, 2027",6.0,Liverpool,2021-2022,2027.0,premier-league
36,Fabinho,"Aug 3, 2021",216549.0,11260536.0,56302679.0,"Jun 30, 2026",5.0,Liverpool,2021-2022,2026.0,premier-league
37,Adam Webster,"Aug 2, 2021",45808.0,2382036.0,11910182.0,"Jun 30, 2026",5.0,Brighton,2021-2022,2026.0,premier-league
38,Marc Albrighton,"Jul 30, 2021",54137.0,2815134.0,8445402.0,"Jun 30, 2024",3.0,Leicester,2021-2022,2024.0,premier-league
39,Trent Alexander-Arnold,"Jul 30, 2021",216549.0,11260536.0,45042143.0,"Jun 30, 2025",4.0,Liverpool,2021-2022,2025.0,premier-league
40,Seamus Coleman,"Jul 28, 2021",84213.0,4379097.0,8758195.0,"Jun 30, 2023",2.0,Everton,2021-2022,2023.0,premier-league
41,Heung-min Son,"Jul 23, 2021",168427.0,8758195.0,35032778.0,"Jun 30, 2025",4.0,Tottenham,2021-2022,2025.0,premier-league
42,Emile Smith Rowe,"Jul 22, 2021",24061.0,1251171.0,6255853.0,"Jun 30, 2026",5.0,Arsenal,2021-2022,2026.0,premier-league
43,Grant Hanley,"Jul 19, 2021",24061.0,1251171.0,5004683.0,"Jun 30, 2025",4.0,Norwich,2021-2022,2025.0,premier-league
44,Joel Ward,"Jul 15, 2021",42107.0,2189549.0,4379097.0,"Jun 30, 2023",2.0,Crystal Palace,2021-2022,2023.0,premier-league
45,Jacob Lungi Sörensen,"Jul 15, 2021",12030.0,625585.0,1876756.0,"Jun 30, 2024",3.0,Norwich,2021-2022,2024.0,premier-league
46,Bali Mumba,"Jul 14, 2021",2776.0,144366.0,144366.0,"May 31, 2022",1.0,Norwich,2021-2022,2022.0,premier-league
47,Harvey Elliott,"Jul 9, 2021",18046.0,938378.0,4691890.0,"Jun 30, 2026",5.0,Liverpool,2021-2022,2026.0,premier-league
48,Dwight Gayle,"Jul 7, 2021",48122.0,2502341.0,7507024.0,"Jun 30, 2024",3.0,Newcastle,2021-2022,2024.0,premier-league
49,Fabian Schär,"Jul 7, 2021",48122.0,2502341.0,2502341.0,"Jun 30, 2022",1.0,Newcastle,2021-2022,2022.0,premier-league
50,Federico Fernández,"Jul 7, 2021",56913.0,2959500.0,5919000.0,"Jun 30, 2023",2.0,Newcastle,2021-2022,2023.0,premier-league
51,Jacob Murphy,"Jul 7, 2021",30076.0,1563963.0,9383780.0,"Jun 30, 2027",6.0,Newcastle,2021-2022,2027.0,premier-league
52,Paul Dummett,"Jul 7, 2021",42107.0,2189549.0,2189549.0,"Jun 30, 2022",1.0,Newcastle,2021-2022,2022.0,premier-league
53,Stuart Dallas,"Jul 2, 2021",9717.0,505280.0,1515841.0,"Jun 30, 2024",3.0,Leeds,2021-2022,2024.0,premier-league
54,Juan Mata,"Jul 2, 2021",192488.0,10009365.0,10009365.0,"Jun 30, 2022",1.0,Manchester United,2021-2022,2022.0,premier-league
55,Lee Grant,"Jul 2, 2021",36091.0,1876756.0,1876756.0,"Jun 30, 2022",1.0,Manchester United,2021-2022,2022.0,premier-league
0,Fernandinho,"Jun 29, 2021",180457.0,9383780.0,18767560.0,"Jun 30, 2022",2.0,Manchester City,2020-2021,2022.0,premier-league
1,Kieran Tierney,"Jun 25, 2021",132335.0,6881439.0,41288631.0,"Jun 30, 2026",6.0,Arsenal,2020-2021,2026.0,premier-league
2,Caoimhin Kelleher,"Jun 24, 2021",7172.0,372945.0,2237671.0,"Jun 30, 2026",6.0,Liverpool,2020-2021,2026.0,premier-league
3,John Ruddy,"Jun 24, 2021",6941.0,360915.0,721829.0,"Jun 30, 2022",2.0,Wolverhampton,2020-2021,2022.0,premier-league
4,Danny Welbeck,"Jun 23, 2021",66168.0,3440719.0,6881439.0,"Jun 30, 2022",2.0,Brighton,2020-2021,2022.0,premier-league
5,Adrián,"Jun 14, 2021",69869.0,3633207.0,7266414.0,"Jun 30, 2022",2.0,Liverpool,2020-2021,2022.0,premier-league
6,David Martin,"Jun 14, 2021",9624.0,500468.0,1000937.0,"Jun 30, 2022",2.0,West Ham,2020-2021,2022.0,premier-league
7,Tyler Roberts,"Jun 9, 2021",4211.0,218955.0,875819.0,"Jun 30, 2024",4.0,Leeds,2020-2021,2024.0,premier-league
8,Olivier Giroud,"Jun 4, 2021",132335.0,6881439.0,13762877.0,"Jun 30, 2022",2.0,Chelsea,2020-2021,2022.0,premier-league
9,Thiago Silva,"Jun 4, 2021",132335.0,6881439.0,13762877.0,"Jun 30, 2022",2.0,Chelsea,2020-2021,2022.0,premier-league
10,Christian Benteke,"Jun 3, 2021",144366.0,7507024.0,22521072.0,"Jun 30, 2023",3.0,Crystal Palace,2020-2021,2023.0,premier-league
11,Cyrus Christie,"Jun 3, 2021",24061.0,1251171.0,2502341.0,"Jun 30, 2022",2.0,Fulham,2020-2021,2022.0,premier-league
12,Kenedy,"May 25, 2021",0.0,0.0,0.0,"Jun 30, 2024",4.0,Chelsea,2020-2021,2024.0,premier-league
13,Edinson Cavani,"May 10, 2021",300762.0,15639633.0,31279266.0,"Jun 30, 2022",2.0,Manchester United,2020-2021,2022.0,premier-league
14,Matt Targett,"Apr 29, 2021",42107.0,2189549.0,10947743.0,"Jun 30, 2025",5.0,Aston Villa,2020-2021,2025.0,premier-league
15,Eric Bailly,"Apr 26, 2021",96244.0,5004683.0,20018730.0,"Jun 30, 2024",4.0,Manchester United,2020-2021,2024.0,premier-league
16,Danny Ward,"Apr 15, 2021",24061.0,1251171.0,6255853.0,"Jun 30, 2025",5.0,Leicester,2020-2021,2025.0,premier-league
17,Tyrick Mitchell,"Apr 13, 2021",34703.0,1804573.0,9022865.0,"Jun 30, 2025",5.0,Crystal Palace,2020-2021,2025.0,premier-league
18,Kevin De Bruyne,"Apr 7, 2021",481219.0,25023413.0,125117065.0,"Jun 30, 2025",5.0,Manchester City,2020-2021,2025.0,premier-league
19,Kelechi Iheanacho,"Apr 3, 2021",72183.0,3753512.0,15014048.0,"Jun 30, 2024",4.0,Leicester,2020-2021,2024.0,premier-league
20,Ezri Konsa,"Apr 2, 2021",9624.0,500468.0,3002810.0,"Jun 30, 2026",6.0,Aston Villa,2020-2021,2026.0,premier-league
21,Lukasz Fabianski,"Mar 10, 2021",78198.0,4066305.0,8132609.0,"Jun 30, 2022",2.0,West Ham,2020-2021,2022.0,premier-league
22,Mark Noble,"Mar 9, 2021",60152.0,3127927.0,6255853.0,"Jun 30, 2022",2.0,West Ham,2020-2021,2022.0,premier-league
23,Lucas Digne,"Feb 24, 2021",143163.0,7444465.0,37222327.0,"Jun 30, 2025",5.0,Everton,2020-2021,2025.0,premier-league
24,Robert Sánchez,"Feb 23, 2021",12030.0,625585.0,3127927.0,"Jun 30, 2025",5.0,Brighton,2020-2021,2025.0,premier-league
25,Mason Greenwood,"Feb 16, 2021",90229.0,4691890.0,23459450.0,"Jun 30, 2025",5.0,Manchester United,2020-2021,2025.0,premier-league
26,Jonny Otto,"Feb 10, 2021",44120.0,2294214.0,11471069.0,"Jun 30, 2025",5.0,Wolverhampton,2020-2021,2025.0,premier-league
27,Jacob Ramsey,"Feb 9, 2021",9023.0,469189.0,2345945.0,"Jun 30, 2025",5.0,Aston Villa,2020-2021,2025.0,premier-league
28,Jairo Riedewald,"Feb 3, 2021",66168.0,3440719.0,13762877.0,"Jun 30, 2024",4.0,Crystal Palace,2020-2021,2024.0,premier-league
29,Vicente Guaita,"Feb 1, 2021",92542.0,4812195.0,14436584.0,"Jun 30, 2023",3.0,Crystal Palace,2020-2021,2023.0,premier-league
30,Nathaniel Clyne,"Jan 25, 2021",66168.0,3440719.0,3440719.0,"Jun 30, 2021",1.0,Crystal Palace,2020-2021,2021.0,premier-league
31,Ciaran Clark,"Jan 20, 2021",42107.0,2189549.0,6568646.0,"Jun 30, 2023",3.0,Newcastle,2020-2021,2023.0,premier-league
32,Tariq Lamptey,"Jan 17, 2021",42107.0,2189549.0,10947743.0,"Jun 30, 2025",5.0,Brighton,2020-2021,2025.0,premier-league
33,Rob Holding,"Jan 12, 2021",30076.0,1563963.0,6255853.0,"Jun 30, 2024",4.0,Arsenal,2020-2021,2024.0,premier-league
34,Jason Steele,"Jan 11, 2021",19203.0,998530.0,2995591.0,"Jun 30, 2023",3.0,Brighton,2020-2021,2023.0,premier-league
35,Nathan Bishop,"Jan 11, 2021",21979.0,1142896.0,3428689.0,"Jun 30, 2023",3.0,Manchester United,2020-2021,2023.0,premier-league
36,Stuart Armstrong,"Jan 1, 2021",60152.0,3127927.0,12511706.0,"Jun 30, 2024",4.0,Southampton,2020-2021,2024.0,premier-league
37,Jonny Evans,"Dec 31, 2020",96244.0,5004683.0,15014048.0,"Jun 30, 2023",3.0,Leicester,2020-2021,2023.0,premier-league
38,Jesse Lingard,"Dec 31, 2020",90229.0,4691890.0,4691890.0,"Jun 30, 2021",1.0,Manchester United,2020-2021,2021.0,premier-league
39,Jack Cork,"Dec 18, 2020",45808.0,2382036.0,4764073.0,"Jun 30, 2022",2.0,Burnley,2020-2021,2022.0,premier-league
40,Michail Antonio,"Dec 18, 2020",84213.0,4379097.0,13137292.0,"Jun 30, 2023",3.0,West Ham,2020-2021,2023.0,premier-league
41,Josh Benson,"Dec 16, 2020",0.0,0.0,0.0,"Jun 30, 2023",3.0,Burnley,2020-2021,2023.0,premier-league
42,Leander Dendoncker,"Dec 14, 2020",108274.0,5630268.0,16890804.0,"Jun 30, 2023",3.0,Wolverhampton,2020-2021,2023.0,premier-league
43,John McGinn,"Dec 11, 2020",30076.0,1563963.0,7819817.0,"Jun 30, 2025",5.0,Aston Villa,2020-2021,2025.0,premier-league
44,Rhys Norrington-Davies,"Dec 9, 2020",463.0,24061.0,96244.0,"Jun 30, 2024",4.0,Sheffield United,2020-2021,2024.0,premier-league
45,Jan Bednarek,"Dec 3, 2020",24061.0,1251171.0,6255853.0,"Jun 30, 2025",5.0,Southampton,2020-2021,2025.0,premier-league
46,Jay Rodríguez,"Nov 25, 2020",42107.0,2189549.0,4379097.0,"Jun 30, 2022",2.0,Burnley,2020-2021,2022.0,premier-league
47,Matej Vydra,"Nov 25, 2020",42107.0,2189549.0,4379097.0,"Jun 30, 2022",2.0,Burnley,2020-2021,2022.0,premier-league
48,Pascal Struijk,"Nov 20, 2020",8560.0,445128.0,1780512.0,"Jun 30, 2024",4.0,Leeds,2020-2021,2024.0,premier-league
49,Oriol Romeu,"Nov 19, 2020",78198.0,4066305.0,12198914.0,"Jun 30, 2023",3.0,Southampton,2020-2021,2023.0,premier-league
50,Pedro Neto,"Nov 3, 2020",60152.0,3127927.0,15639633.0,"Jun 30, 2025",5.0,Wolverhampton,2020-2021,2025.0,premier-league
51,Max Kilman,"Oct 21, 2020",1851.0,96244.0,481219.0,"Jun 30, 2025",5.0,Wolverhampton,2020-2021,2025.0,premier-league
52,George Wickens,"Oct 17, 2020",902.0,46919.0,140757.0,"Jun 30, 2023",3.0,Fulham,2020-2021,2023.0,premier-league
53,Dwight McNeil,"Oct 16, 2020",6015.0,312793.0,1251171.0,"Jun 30, 2024",4.0,Burnley,2020-2021,2024.0,premier-league
54,Gaetano Berardi,"Oct 16, 2020",15038.0,781982.0,781982.0,"Jun 30, 2021",1.0,Leeds,2020-2021,2021.0,premier-league
55,Allan Saint-Maximin,"Oct 14, 2020",46271.0,2406097.0,14436584.0,"Jun 30, 2026",6.0,Newcastle,2020-2021,2026.0,premier-league
56,Juan Foyth,"Oct 4, 2020",0.0,0.0,0.0,"Jun 30, 2021",1.0,Tottenham,2020-2021,2021.0,premier-league
57,Raúl Jiménez,"Oct 3, 2020",49510.0,2574524.0,10298097.0,"Jun 30, 2024",4.0,Wolverhampton,2020-2021,2024.0,premier-league
58,Conor Coady,"Sep 30, 2020",19897.0,1034622.0,5173109.0,"Jun 30, 2025",5.0,Wolverhampton,2020-2021,2025.0,premier-league
59,Ashley Westwood,"Sep 25, 2020",37248.0,1936908.0,5810725.0,"Jun 30, 2023",3.0,Burnley,2020-2021,2023.0,premier-league
60,Keinan Davis,"Sep 22, 2020",54137.0,2815134.0,11260536.0,"Jun 30, 2024",4.0,Aston Villa,2020-2021,2024.0,premier-league
61,João Virgínia,"Sep 22, 2020",9023.0,469189.0,1876756.0,"Jun 30, 2024",4.0,Everton,2020-2021,2024.0,premier-league
62,Léo Bonatini,"Sep 22, 2020",0.0,0.0,0.0,"Jun 30, 2022",2.0,Wolverhampton,2020-2021,2022.0,premier-league
63,Tyrone Mings,"Sep 21, 2020",96244.0,5004683.0,20018730.0,"Jun 30, 2024",4.0,Aston Villa,2020-2021,2024.0,premier-league
64,Tommy Doyle,"Sep 18, 2020",12030.0,625585.0,3127927.0,"Jun 30, 2025",5.0,Manchester City,2020-2021,2025.0,premier-league
65,Conor Gallagher,"Sep 17, 2020",6015.0,312793.0,1563963.0,"Jun 30, 2025",5.0,Chelsea,2020-2021,2025.0,premier-league
66,Connor Ronan,"Sep 16, 2020",0.0,0.0,0.0,"Jun 30, 2021",1.0,Wolverhampton,2020-2021,2021.0,premier-league
67,Pierre-Emerick Aubameyang,"Sep 15, 2020",300762.0,15639633.0,46918899.0,"Jun 30, 2023",3.0,Arsenal,2020-2021,2023.0,premier-league
68,Jack Grealish,"Sep 15, 2020",42107.0,2189549.0,10947743.0,"Jun 30, 2025",5.0,Aston Villa,2020-2021,2025.0,premier-league
69,Denis Odoi,"Sep 14, 2020",10707.0,556771.0,1113542.0,"Jun 30, 2022",2.0,Fulham,2020-2021,2022.0,premier-league
70,Joe Bryan,"Sep 14, 2020",36091.0,1876756.0,5630268.0,"Jun 30, 2023",3.0,Fulham,2020-2021,2023.0,premier-league
71,Josh Onomah,"Sep 14, 2020",36091.0,1876756.0,5630268.0,"Jun 30, 2023",3.0,Fulham,2020-2021,2023.0,premier-league
72,Isaac Hayden,"Sep 11, 2020",26375.0,1371476.0,8228853.0,"Jun 30, 2026",6.0,Newcastle,2020-2021,2026.0,premier-league
73,Karl Darlow,"Sep 11, 2020",30076.0,1563963.0,7819817.0,"Jun 30, 2025",5.0,Newcastle,2020-2021,2025.0,premier-league
74,Lee Peltier,"Sep 11, 2020",16241.0,844540.0,844540.0,"Jun 30, 2021",1.0,West Bromwich,2020-2021,2021.0,premier-league
75,Michy Batshuayi,"Sep 10, 2020",108274.0,5630268.0,5630268.0,"Jun 30, 2021",1.0,Chelsea,2020-2021,2021.0,premier-league
76,Jonathan Bond,"Sep 5, 2020",6617.0,344072.0,344072.0,"Jun 30, 2021",1.0,West Bromwich,2020-2021,2021.0,premier-league
77,Dani Ceballos,"Sep 4, 2020",62466.0,3248231.0,3248231.0,"Jun 30, 2021",1.0,Arsenal,2020-2021,2021.0,premier-league
78,Ben White,"Sep 1, 2020",61355.0,3190485.0,12761941.0,"Jun 30, 2024",4.0,Brighton,2020-2021,2024.0,premier-league
79,Anthony Gordon,"Sep 1, 2020",12030.0,625585.0,3127927.0,"Jun 30, 2025",5.0,Everton,2020-2021,2025.0,premier-league
80,Michael Keane,"Aug 30, 2020",78198.0,4066305.0,20331523.0,"Jun 30, 2025",5.0,Everton,2020-2021,2025.0,premier-league
81,Jamie Vardy,"Aug 26, 2020",168427.0,8758195.0,26274584.0,"Jun 30, 2023",3.0,Leicester,2020-2021,2023.0,premier-league
82,Sylvester Jasper,"Aug 25, 2020",1805.0,93838.0,281513.0,"Jun 30, 2023",3.0,Fulham,2020-2021,2023.0,premier-league
83,Luke Thomas,"Aug 25, 2020",13881.0,721829.0,2887317.0,"Jun 30, 2024",4.0,Leicester,2020-2021,2024.0,premier-league
84,Dean Henderson,"Aug 25, 2020",12030.0,625585.0,3127927.0,"Jun 30, 2025",5.0,Manchester United,2020-2021,2025.0,premier-league
85,Morgan Gibbs-White,"Aug 25, 2020",1805.0,93838.0,93838.0,"Jun 30, 2021",1.0,Wolverhampton,2020-2021,2021.0,premier-league
86,James Maddison,"Aug 24, 2020",132335.0,6881439.0,27525754.0,"Jun 30, 2024",4.0,Leicester,2020-2021,2024.0,premier-league
87,Nampalys Mendy,"Aug 24, 2020",66168.0,3440719.0,10322158.0,"Jun 30, 2023",3.0,Leicester,2020-2021,2023.0,premier-league
88,Jack Rodwell,"Aug 23, 2020",15880.0,825773.0,825773.0,"Jun 30, 2021",1.0,Sheffield United,2020-2021,2021.0,premier-league
89,Phil Jagielka,"Aug 23, 2020",60152.0,3127927.0,3127927.0,"Jun 30, 2021",1.0,Sheffield United,2020-2021,2021.0,premier-league
90,Matthew Longstaff,"Aug 22, 2020",925.0,48122.0,96244.0,"Jun 30, 2022",2.0,Newcastle,2020-2021,2022.0,premier-league
91,Lewis Dunk,"Aug 21, 2020",54137.0,2815134.0,14075670.0,"Jun 30, 2025",5.0,Brighton,2020-2021,2025.0,premier-league
92,Bailey Peacock-Farrell,"Aug 21, 2020",18046.0,938378.0,3753512.0,"Jun 30, 2024",4.0,Burnley,2020-2021,2024.0,premier-league
93,Stephen Henderson,"Aug 21, 2020",8329.0,433098.0,433098.0,"Jun 30, 2021",1.0,Crystal Palace,2020-2021,2021.0,premier-league
94,John Egan,"Aug 21, 2020",9023.0,469189.0,1876756.0,"Jun 30, 2024",4.0,Sheffield United,2020-2021,2024.0,premier-league
95,Scott Carson,"Aug 19, 2020",30076.0,1563963.0,1563963.0,"Jun 30, 2021",1.0,Manchester City,2020-2021,2021.0,premier-league
96,Neco Williams,"Aug 17, 2020",30076.0,1563963.0,7819817.0,"Jun 30, 2025",5.0,Liverpool,2020-2021,2025.0,premier-league
97,James Ward-Prowse,"Aug 17, 2020",54137.0,2815134.0,14075670.0,"Jun 30, 2025",5.0,Southampton,2020-2021,2025.0,premier-league
98,Freddie Woodman,"Aug 16, 2020",0.0,0.0,0.0,"Jun 30, 2021",1.0,Newcastle,2020-2021,2021.0,premier-league
99,Jamie Shackleton,"Aug 12, 2020",1805.0,93838.0,375351.0,"Jun 30, 2024",4.0,Leeds,2020-2021,2024.0,premier-league
100,Mateusz Bogusz,"Aug 11, 2020",0.0,0.0,0.0,"Jun 30, 2021",1.0,Leeds,2020-2021,2021.0,premier-league
101,Neeskens Kebano,"Aug 5, 2020",16195.0,842163.0,1684326.0,"Jun 30, 2022",2.0,Fulham,2020-2021,2022.0,premier-league
102,Brandon Williams,"Aug 4, 2020",78198.0,4066305.0,16265218.0,"Jun 30, 2024",4.0,Manchester United,2020-2021,2024.0,premier-league
103,Jake Vokins,"Aug 4, 2020",5414.0,281513.0,1126054.0,"Jun 30, 2024",4.0,Southampton,2020-2021,2024.0,premier-league
104,Chris Basham,"Aug 1, 2020",11267.0,585885.0,1171769.0,"Jun 30, 2022",2.0,Sheffield United,2020-2021,2022.0,premier-league
105,Aaron Connolly,"Jul 30, 2020",27763.0,1443658.0,5774634.0,"Jun 30, 2024",4.0,Brighton,2020-2021,2024.0,premier-league
106,Steven Alzate,"Jul 30, 2020",18046.0,938378.0,3753512.0,"Jun 30, 2024",4.0,Brighton,2020-2021,2024.0,premier-league
107,Japhet Tanganga,"Jul 27, 2020",27763.0,1443658.0,7218292.0,"Jun 30, 2025",5.0,Tottenham,2020-2021,2025.0,premier-league
108,Eric Dier,"Jul 21, 2020",86990.0,4523463.0,18093852.0,"Jun 30, 2024",4.0,Tottenham,2020-2021,2024.0,premier-league
109,Oliver Skipp,"Jul 17, 2020",0.0,0.0,0.0,"Jun 30, 2021",1.0,Tottenham,2020-2021,2021.0,premier-league
110,Nemanja Matic,"Jul 6, 2020",144366.0,7507024.0,22521072.0,"Jun 30, 2023",3.0,Manchester United,2020-2021,2023.0,premier-league
111,Curtis Jones,"Jul 4, 2020",9023.0,469189.0,2345945.0,"Jun 30, 2025",5.0,Liverpool,2020-2021,2025.0,premier-league
112,Gabriel Martinelli,"Jul 3, 2020",108274.0,5630268.0,22521072.0,"Jun 30, 2024",4.0,Arsenal,2020-2021,2024.0,premier-league
113,Nathan Tella,"Jul 2, 2020",15038.0,781982.0,2345945.0,"Jun 30, 2023",3.0,Southampton,2020-2021,2023.0,premier-league
114,Alex Palmer,"Jul 2, 2020",0.0,0.0,0.0,"Jun 30, 2021",1.0,West Bromwich,2020-2021,2021.0,premier-league
115,Bukayo Saka,"Jul 1, 2020",36091.0,1876756.0,7507024.0,"Jun 30, 2024",4.0,Arsenal,2020-2021,2024.0,premier-league
0,Jack Rodwell,"Jun 29, 2020",6015.0,312793.0,312793.0,"Jul 31, 2020",1.0,Sheffield United,2019-2020,2020.0,premier-league
1,Kieron Freeman,"Jun 29, 2020",5321.0,276701.0,276701.0,"Jul 31, 2020",1.0,Sheffield United,2019-2020,2020.0,premier-league
2,Leon Clarke,"Jun 29, 2020",10874.0,565433.0,565433.0,"Jul 31, 2020",1.0,Sheffield United,2019-2020,2020.0,premier-league
3,Phil Jagielka,"Jun 29, 2020",60152.0,3127927.0,3127927.0,"Jul 31, 2020",1.0,Sheffield United,2019-2020,2020.0,premier-league
4,Andy Carroll,"Jun 25, 2020",24061.0,1251171.0,2502341.0,"Jun 30, 2021",2.0,Newcastle,2019-2020,2021.0,premier-league
5,Javier Manquillo,"Jun 25, 2020",42107.0,2189549.0,10947743.0,"Jun 30, 2024",5.0,Newcastle,2019-2020,2024.0,premier-league
6,Matthew Longstaff,"Jun 25, 2020",925.0,48122.0,48122.0,"Jul 31, 2020",1.0,Newcastle,2019-2020,2020.0,premier-league
7,David Luiz,"Jun 24, 2020",151307.0,7867938.0,15735877.0,"Jun 30, 2021",2.0,Arsenal,2019-2020,2021.0,premier-league
8,Phil Bardsley,"Jun 24, 2020",30076.0,1563963.0,3127927.0,"Jun 30, 2021",2.0,Burnley,2019-2020,2021.0,premier-league
9,Pedro,"Jun 23, 2020",120074.0,6243823.0,6243823.0,"Aug 31, 2020",1.0,Chelsea,2019-2020,2020.0,premier-league
10,Willian,"Jun 23, 2020",144366.0,7507024.0,7507024.0,"Aug 31, 2020",1.0,Chelsea,2019-2020,2020.0,premier-league
11,Scott McTominay,"Jun 23, 2020",12030.0,625585.0,3753512.0,"Jun 30, 2025",6.0,Manchester United,2019-2020,2025.0,premier-league
12,Maarten Stekelenburg,"Jun 22, 2020",36091.0,1876756.0,1876756.0,"Jul 31, 2020",1.0,Everton,2019-2020,2020.0,premier-league
13,Jan Vertonghen,"Jun 22, 2020",108043.0,5618237.0,5618237.0,"Jul 31, 2020",1.0,Tottenham,2019-2020,2020.0,premier-league
14,Michel Vorm,"Jun 22, 2020",48122.0,2502341.0,2502341.0,"Jul 31, 2020",1.0,Tottenham,2019-2020,2020.0,premier-league
15,Claudio Bravo,"Jun 19, 2020",138351.0,7194231.0,7194231.0,"Jul 31, 2020",1.0,Manchester City,2019-2020,2020.0,premier-league
16,David Silva,"Jun 19, 2020",192488.0,10009365.0,10009365.0,"Jul 31, 2020",1.0,Manchester City,2019-2020,2020.0,premier-league
17,Christian Fuchs,"Jun 18, 2020",60152.0,3127927.0,6255853.0,"Jun 30, 2021",2.0,Leicester,2019-2020,2021.0,premier-league
18,Eldin Jakupovic,"Jun 18, 2020",27763.0,1443658.0,2887317.0,"Jun 30, 2021",2.0,Leicester,2019-2020,2021.0,premier-league
19,Wes Morgan,"Jun 18, 2020",72183.0,3753512.0,7507024.0,"Jun 30, 2021",2.0,Leicester,2019-2020,2021.0,premier-league
20,Andrew Surman,"Jun 17, 2020",42107.0,2189549.0,2189549.0,"Jul 31, 2020",1.0,Bournemouth,2019-2020,2020.0,premier-league
21,Artur Boruc,"Jun 17, 2020",48122.0,2502341.0,2502341.0,"Jul 31, 2020",1.0,Bournemouth,2019-2020,2020.0,premier-league
22,Simon Francis,"Jun 17, 2020",36091.0,1876756.0,1876756.0,"Jul 31, 2020",1.0,Bournemouth,2019-2020,2020.0,premier-league
23,Ondrej Duda,"Jun 16, 2020",19897.0,1034622.0,1034622.0,"Jul 31, 2020",1.0,Norwich,2019-2020,2020.0,premier-league
24,David McGoldrick,"Jun 13, 2020",8329.0,433098.0,1299293.0,"Jun 30, 2022",3.0,Sheffield United,2019-2020,2022.0,premier-league
25,Billy Sharp,"Jun 10, 2020",14344.0,745890.0,2237671.0,"Jun 30, 2022",3.0,Sheffield United,2019-2020,2022.0,premier-league
26,Oliver Norwood,"Jun 10, 2020",18046.0,938378.0,3753512.0,"Jun 30, 2023",4.0,Sheffield United,2019-2020,2023.0,premier-league
27,Will Smallbone,"Jun 10, 2020",20822.0,1082744.0,5413719.0,"Jun 30, 2024",5.0,Southampton,2019-2020,2024.0,premier-league
28,Adrian Mariappa,"Jun 10, 2020",18046.0,938378.0,938378.0,"Jul 31, 2020",1.0,Watford,2019-2020,2020.0,premier-league
29,Heurelho Gomes,"Jun 10, 2020",42107.0,2189549.0,2189549.0,"Jul 31, 2020",1.0,Watford,2019-2020,2020.0,premier-league
30,José Holebas,"Jun 10, 2020",36091.0,1876756.0,1876756.0,"Jul 31, 2020",1.0,Watford,2019-2020,2020.0,premier-league
31,Adam Lallana,"Jun 9, 2020",132335.0,6881439.0,6881439.0,"Jul 31, 2020",1.0,Liverpool,2019-2020,2020.0,premier-league
32,Andy Lonergan,"Jun 9, 2020",6015.0,312793.0,312793.0,"Jul 31, 2020",1.0,Liverpool,2019-2020,2020.0,premier-league
33,Ben Foster,"Jun 9, 2020",36091.0,1876756.0,5630268.0,"Jun 30, 2022",3.0,Watford,2019-2020,2022.0,premier-league
34,Harry Wilson,"Jun 8, 2020",14344.0,745890.0,745890.0,"Jul 31, 2020",1.0,Bournemouth,2019-2020,2020.0,premier-league
35,Faustino Anjorin,"Jun 8, 2020",0.0,0.0,0.0,"May 30, 2025",5.0,Chelsea,2019-2020,2025.0,premier-league
36,Shane Long,"Jun 4, 2020",72183.0,3753512.0,11260536.0,"Jun 30, 2022",3.0,Southampton,2019-2020,2022.0,premier-league
37,Robbie Brady,"May 21, 2020",42107.0,2189549.0,4379097.0,"Jun 30, 2021",2.0,Burnley,2019-2020,2021.0,premier-league
38,Olivier Giroud,"May 20, 2020",132335.0,6881439.0,13762877.0,"Jun 30, 2021",2.0,Chelsea,2019-2020,2021.0,premier-league
39,Willy Caballero,"May 20, 2020",36091.0,1876756.0,3753512.0,"Jun 30, 2021",2.0,Chelsea,2019-2020,2021.0,premier-league
40,John Ruddy,"May 18, 2020",42107.0,2189549.0,4379097.0,"Jun 30, 2021",2.0,Wolverhampton,2019-2020,2021.0,premier-league
41,Nemanja Matic,"Mar 17, 2020",144366.0,7507024.0,15014048.0,"Jun 30, 2021",2.0,Manchester United,2019-2020,2021.0,premier-league
42,Enda Stevens,"Mar 12, 2020",4858.0,252640.0,1010561.0,"Jun 30, 2023",4.0,Sheffield United,2019-2020,2023.0,premier-league
43,Federico Fernández,"Mar 10, 2020",51824.0,2694829.0,5389658.0,"Jun 30, 2021",2.0,Newcastle,2019-2020,2021.0,premier-league
44,Tahith Chong,"Mar 9, 2020",0.0,0.0,0.0,"Jun 30, 2022",3.0,Manchester United,2019-2020,2022.0,premier-league
45,Dominic Calvert-Lewin,"Mar 6, 2020",24061.0,1251171.0,7507024.0,"Jun 30, 2025",6.0,Everton,2019-2020,2025.0,premier-league
46,Jonjo Shelvey,"Mar 6, 2020",84213.0,4379097.0,17516389.0,"Jun 30, 2023",4.0,Newcastle,2019-2020,2023.0,premier-league
47,Matt Ritchie,"Mar 6, 2020",54137.0,2815134.0,11260536.0,"Jun 30, 2023",4.0,Newcastle,2019-2020,2023.0,premier-league
48,Lee Grant,"Mar 5, 2020",36091.0,1876756.0,3753512.0,"Jun 30, 2021",2.0,Manchester United,2019-2020,2021.0,premier-league
49,Mason Holgate,"Mar 3, 2020",30076.0,1563963.0,9383780.0,"Jun 30, 2025",6.0,Everton,2019-2020,2025.0,premier-league
50,Robert Sánchez,"Feb 25, 2020",0.0,0.0,0.0,"May 31, 2020",1.0,Brighton,2019-2020,2020.0,premier-league
51,John Fleck,"Feb 22, 2020",9624.0,500468.0,2001873.0,"Jun 30, 2023",4.0,Sheffield United,2019-2020,2023.0,premier-league
52,Alexander Tettey,"Feb 12, 2020",15640.0,813261.0,1626522.0,"Jun 30, 2021",2.0,Norwich,2019-2020,2021.0,premier-league
53,Davy Pröpper,"Feb 5, 2020",54137.0,2815134.0,11260536.0,"Jun 30, 2023",4.0,Brighton,2019-2020,2023.0,premier-league
54,Fernandinho,"Jan 28, 2020",216549.0,11260536.0,22521072.0,"Jun 30, 2021",2.0,Manchester City,2019-2020,2021.0,premier-league
55,Dan Burn,"Jan 21, 2020",19249.0,1000937.0,4003746.0,"Jun 30, 2023",4.0,Brighton,2019-2020,2023.0,premier-league
56,Eric Bailly,"Jan 17, 2020",96244.0,5004683.0,15014048.0,"Jun 30, 2022",3.0,Manchester United,2019-2020,2022.0,premier-league
57,Reece James,"Jan 16, 2020",6015.0,312793.0,1876756.0,"Jun 30, 2025",6.0,Chelsea,2019-2020,2025.0,premier-league
58,Sam Surridge,"Jan 3, 2020",0.0,0.0,0.0,"Jun 30, 2024",5.0,Bournemouth,2019-2020,2024.0,premier-league
59,Dejan Iliev,"Dec 23, 2019",0.0,0.0,0.0,"Jun 30, 2020",1.0,Arsenal,2019-2020,2020.0,premier-league
60,Toby Alderweireld,"Dec 20, 2019",60152.0,3127927.0,12511706.0,"Jun 30, 2023",4.0,Tottenham,2019-2020,2023.0,premier-league
61,James Milner,"Dec 13, 2019",168427.0,8758195.0,26274584.0,"Jun 30, 2022",3.0,Liverpool,2019-2020,2022.0,premier-league
62,Fikayo Tomori,"Dec 12, 2019",6015.0,312793.0,1563963.0,"Jun 30, 2024",5.0,Chelsea,2019-2020,2024.0,premier-league
63,João Moutinho,"Nov 23, 2019",120305.0,6255853.0,18767560.0,"Jun 30, 2022",3.0,Wolverhampton,2019-2020,2022.0,premier-league
64,Chris Wood,"Nov 8, 2019",60152.0,3127927.0,12511706.0,"Jun 30, 2023",4.0,Burnley,2019-2020,2023.0,premier-league
65,Ashley Barnes,"Nov 7, 2019",48122.0,2502341.0,7507024.0,"Jun 30, 2022",3.0,Burnley,2019-2020,2022.0,premier-league
66,Akin Famewo,"Nov 4, 2019",0.0,0.0,0.0,"May 31, 2020",1.0,Norwich,2019-2020,2020.0,premier-league
67,Martin Dubravka,"Oct 24, 2019",45716.0,2377224.0,14263345.0,"Jun 30, 2025",6.0,Newcastle,2019-2020,2025.0,premier-league
68,Joel Matip,"Oct 18, 2019",120305.0,6255853.0,31279266.0,"Jun 30, 2024",5.0,Liverpool,2019-2020,2024.0,premier-league
69,Mason Greenwood,"Oct 18, 2019",30076.0,1563963.0,6255853.0,"Jun 30, 2023",4.0,Manchester United,2019-2020,2023.0,premier-league
70,Christian Benteke,"Oct 17, 2019",144366.0,7507024.0,15014048.0,"Jun 30, 2021",2.0,Crystal Palace,2019-2020,2021.0,premier-league
71,James Tomkins,"Oct 17, 2019",60152.0,3127927.0,9383780.0,"Jun 30, 2022",3.0,Crystal Palace,2019-2020,2022.0,premier-league
72,Brandon Williams,"Oct 17, 2019",0.0,0.0,0.0,"Jun 30, 2022",3.0,Manchester United,2019-2020,2022.0,premier-league
73,Moussa Sissoko,"Sep 27, 2019",96244.0,5004683.0,20018730.0,"Jun 30, 2023",4.0,Tottenham,2019-2020,2023.0,premier-league
74,Callum Hudson-Odoi,"Sep 19, 2019",216549.0,11260536.0,56302679.0,"Jun 30, 2024",5.0,Chelsea,2019-2020,2024.0,premier-league
75,Victor Lindelöf,"Sep 18, 2019",144366.0,7507024.0,37535119.0,"Jun 30, 2024",5.0,Manchester United,2019-2020,2024.0,premier-league
76,David de Gea,"Sep 16, 2019",451143.0,23459450.0,93837799.0,"Jun 30, 2023",4.0,Manchester United,2019-2020,2023.0,premier-league
77,Billy Gilmour,"Sep 12, 2019",0.0,0.0,0.0,"Jun 30, 2023",4.0,Chelsea,2019-2020,2023.0,premier-league
78,Abdul Rahman Baba,"Sep 2, 2019",0.0,0.0,0.0,"Jun 30, 2020",1.0,Chelsea,2019-2020,2020.0,premier-league
79,Lucas Piazón,"Sep 2, 2019",0.0,0.0,0.0,"Jun 30, 2021",2.0,Chelsea,2019-2020,2021.0,premier-league
80,Hamza Choudhury,"Aug 30, 2019",9023.0,469189.0,1876756.0,"Jun 30, 2023",4.0,Leicester,2019-2020,2023.0,premier-league
81,Manuel Lanzini,"Aug 30, 2019",84213.0,4379097.0,17516389.0,"Jun 30, 2023",4.0,West Ham,2019-2020,2023.0,premier-league
82,Cucho Hernández,"Aug 26, 2019",0.0,0.0,0.0,"Jun 30, 2020",1.0,Watford,2019-2020,2020.0,premier-league
83,Ahmed Elmohamady,"Aug 22, 2019",30076.0,1563963.0,3127927.0,"Jun 30, 2021",2.0,Aston Villa,2019-2020,2021.0,premier-league
84,Alex Oxlade-Chamberlain,"Aug 22, 2019",144366.0,7507024.0,30028096.0,"Jun 30, 2023",4.0,Liverpool,2019-2020,2023.0,premier-league
85,Davide Zappacosta,"Aug 21, 2019",0.0,0.0,0.0,"Jun 30, 2020",1.0,Chelsea,2019-2020,2020.0,premier-league
86,George Baldock,"Aug 19, 2019",4812.0,250234.0,750702.0,"Jun 30, 2022",3.0,Sheffield United,2019-2020,2022.0,premier-league
87,Luka Milivojevic,"Aug 9, 2019",66168.0,3440719.0,13762877.0,"Jun 30, 2023",4.0,Crystal Palace,2019-2020,2023.0,premier-league
88,Ilkay Gündogan,"Aug 9, 2019",168427.0,8758195.0,35032778.0,"Jun 30, 2023",4.0,Manchester City,2019-2020,2023.0,premier-league
89,Lucas Moura,"Aug 9, 2019",96244.0,5004683.0,25023413.0,"Jun 30, 2024",5.0,Tottenham,2019-2020,2024.0,premier-league
90,John McGinn,"Aug 8, 2019",30076.0,1563963.0,7819817.0,"Jun 30, 2024",5.0,Aston Villa,2019-2020,2024.0,premier-league
91,Josh Sims,"Aug 8, 2019",0.0,0.0,0.0,"Jun 30, 2020",1.0,Southampton,2019-2020,2020.0,premier-league
92,Nathan Redmond,"Aug 8, 2019",72183.0,3753512.0,15014048.0,"Jun 30, 2023",4.0,Southampton,2019-2020,2023.0,premier-league
93,Daryl Janmaat,"Jul 30, 2019",54137.0,2815134.0,8445402.0,"Jun 30, 2022",3.0,Watford,2019-2020,2022.0,premier-league
94,Arthur Masuaku,"Jul 29, 2019",48122.0,2502341.0,12511706.0,"Jun 30, 2024",5.0,West Ham,2019-2020,2024.0,premier-league
95,Rúben Vinagre,"Jul 24, 2019",36091.0,1876756.0,9383780.0,"Jun 30, 2024",5.0,Wolverhampton,2019-2020,2024.0,premier-league
96,Max Aarons,"Jul 17, 2019",6015.0,312793.0,1563963.0,"Jun 30, 2024",5.0,Norwich,2019-2020,2024.0,premier-league
97,Mason Mount,"Jul 15, 2019",92542.0,4812195.0,24060974.0,"Jun 30, 2024",5.0,Chelsea,2019-2020,2024.0,premier-league
98,Callum Wilson,"Jul 12, 2019",48122.0,2502341.0,10009365.0,"Jun 30, 2023",4.0,Bournemouth,2019-2020,2023.0,premier-league
99,Mario Vrancic,"Jul 12, 2019",24061.0,1251171.0,2502341.0,"Jun 30, 2021",2.0,Norwich,2019-2020,2021.0,premier-league
100,Tom Trybull,"Jul 11, 2019",18046.0,938378.0,2815134.0,"Jun 30, 2022",3.0,Norwich,2019-2020,2022.0,premier-league
101,Divock Origi,"Jul 10, 2019",54137.0,2815134.0,14075670.0,"Jun 30, 2024",5.0,Liverpool,2019-2020,2024.0,premier-league
102,Arijanet Muric,"Jul 9, 2019",0.0,0.0,0.0,"May 31, 2020",1.0,Manchester City,2019-2020,2020.0,premier-league
103,Christoph Zimmermann,"Jul 9, 2019",18046.0,938378.0,3753512.0,"Jun 30, 2023",4.0,Norwich,2019-2020,2023.0,premier-league
104,Emiliano Buendía,"Jul 8, 2019",9624.0,500468.0,2502341.0,"Jun 30, 2024",5.0,Norwich,2019-2020,2024.0,premier-league
105,Ben Davies,"Jul 8, 2019",72183.0,3753512.0,18767560.0,"Jun 30, 2024",5.0,Tottenham,2019-2020,2024.0,premier-league
106,Harry Winks,"Jul 8, 2019",60152.0,3127927.0,15639633.0,"Jun 30, 2024",5.0,Tottenham,2019-2020,2024.0,premier-league
107,Ruben Loftus-Cheek,"Jul 6, 2019",42107.0,2189549.0,10947743.0,"Jun 30, 2024",5.0,Chelsea,2019-2020,2024.0,premier-league
108,Andreas Pereira,"Jul 5, 2019",36091.0,1876756.0,7507024.0,"Jun 30, 2023",4.0,Manchester United,2019-2020,2023.0,premier-league
109,Axel Tuanzebe,"Jul 5, 2019",42107.0,2189549.0,6568646.0,"Jun 30, 2022",3.0,Manchester United,2019-2020,2022.0,premier-league
110,Mario Pasalic,"Jul 3, 2019",0.0,0.0,0.0,"Jun 30, 2020",1.0,Chelsea,2019-2020,2020.0,premier-league
111,Teemu Pukki,"Jul 3, 2019",7218.0,375351.0,1126054.0,"Jun 30, 2022",3.0,Norwich,2019-2020,2022.0,premier-league
112,Todd Cantwell,"Jul 3, 2019",1805.0,93838.0,281513.0,"Jun 30, 2022",3.0,Norwich,2019-2020,2022.0,premier-league
113,Robert Snodgrass,"Jul 2, 2019",48122.0,2502341.0,5004683.0,"Jun 30, 2021",2.0,West Ham,2019-2020,2021.0,premier-league
114,Jack Harrison,"Jul 1, 2019",0.0,0.0,0.0,"May 31, 2020",1.0,Manchester City,2019-2020,2020.0,premier-league
115,Marcus Rashford,"Jul 1, 2019",240610.0,12511706.0,50046826.0,"Jun 30, 2023",4.0,Manchester United,2019-2020,2023.0,premier-league
116,Heurelho Gomes,"Jun 28, 2019",42107.0,2189549.0,2189549.0,"Jun 30, 2020",1.0,Watford,2019-2020,2020.0,premier-league
117,Ben Godfrey,"Jun 26, 2019",6015.0,312793.0,1251171.0,"Jun 30, 2023",4.0,Norwich,2019-2020,2023.0,premier-league
118,Jed Steer,"Jun 20, 2019",9624.0,500468.0,2001873.0,"Jun 30, 2023",4.0,Aston Villa,2019-2020,2023.0,premier-league
119,Oleksandr Zinchenko,"Jun 20, 2019",24061.0,1251171.0,6255853.0,"Jun 30, 2024",5.0,Manchester City,2019-2020,2024.0,premier-league
120,Leighton Baines,"Jun 19, 2019",78198.0,4066305.0,4066305.0,"Jun 30, 2020",1.0,Everton,2019-2020,2020.0,premier-league
121,Juan Mata,"Jun 19, 2019",192488.0,10009365.0,20018730.0,"Jun 30, 2021",2.0,Manchester United,2019-2020,2021.0,premier-league
122,Harvey Barnes,"Jun 14, 2019",12030.0,625585.0,3127927.0,"Jun 30, 2024",5.0,Leicester,2019-2020,2024.0,premier-league
123,Craig Cathcart,"Jun 12, 2019",27670.0,1438846.0,5755385.0,"Jun 30, 2023",4.0,Watford,2019-2020,2023.0,premier-league
124,Tomer Hemed,"Jun 8, 2019",0.0,0.0,0.0,"Jun 30, 2020",1.0,Brighton,2019-2020,2020.0,premier-league
0,Nick Pope,"May 24, 2019",42107.0,2189549.0,8758195.0,"Jun 30, 2023",4.0,Burnley,2018-2019,2023.0,premier-league
1,Willy Caballero,"May 22, 2019",36091.0,1876756.0,1876756.0,"Jun 30, 2020",1.0,Chelsea,2018-2019,2020.0,premier-league
2,Olivier Giroud,"May 21, 2019",132335.0,6881439.0,6881439.0,"Jun 30, 2020",1.0,Chelsea,2018-2019,2020.0,premier-league
3,Connor Wickham,"May 21, 2019",72183.0,3753512.0,7507024.0,"Jun 30, 2021",2.0,Crystal Palace,2018-2019,2021.0,premier-league
4,Connor Ronan,"May 20, 2019",1157.0,60152.0,60152.0,"Jun 30, 2019",1.0,Wolverhampton,2018-2019,2019.0,premier-league
5,Phil Bardsley,"May 15, 2019",30076.0,1563963.0,1563963.0,"Jun 30, 2020",1.0,Burnley,2018-2019,2020.0,premier-league
6,Denis Odoi,"May 12, 2019",10804.0,561824.0,561824.0,"Jun 30, 2020",1.0,Fulham,2018-2019,2020.0,premier-league
7,Floyd Ayité,"May 12, 2019",9624.0,500468.0,500468.0,"Jun 30, 2020",1.0,Fulham,2018-2019,2020.0,premier-league
8,Neeskens Kebano,"May 12, 2019",16195.0,842134.0,842134.0,"Jun 30, 2020",1.0,Fulham,2018-2019,2020.0,premier-league
9,Stefan Johansen,"May 12, 2019",12030.0,625585.0,625585.0,"Jun 30, 2019",1.0,Fulham,2018-2019,2019.0,premier-league
10,David Luiz,"May 10, 2019",151191.0,7861923.0,15723847.0,"Jun 30, 2021",2.0,Chelsea,2018-2019,2021.0,premier-league
11,Christian Fuchs,"May 8, 2019",60152.0,3127927.0,3127927.0,"Jun 30, 2020",1.0,Leicester,2018-2019,2020.0,premier-league
12,Tom Cairney,"May 3, 2019",48122.0,2502341.0,12511706.0,"Jun 30, 2024",5.0,Fulham,2018-2019,2024.0,premier-league
13,Gaëtan Bong,"May 1, 2019",24292.0,1263201.0,1263201.0,"Jun 30, 2020",1.0,Brighton,2018-2019,2020.0,premier-league
14,Pablo Zabaleta,"May 1, 2019",90229.0,4691890.0,4691890.0,"Jun 30, 2020",1.0,West Ham,2018-2019,2020.0,premier-league
15,Viktor Gyökeres,"Apr 29, 2019",3609.0,187676.0,563027.0,"Jun 30, 2022",3.0,Brighton,2018-2019,2022.0,premier-league
16,Tom Davies,"Apr 29, 2019",30076.0,1563963.0,6255853.0,"Jun 30, 2023",4.0,Everton,2018-2019,2023.0,premier-league
17,Wes Morgan,"Mar 18, 2019",72183.0,3753512.0,3753512.0,"Jun 30, 2020",1.0,Leicester,2018-2019,2020.0,premier-league
18,Yan Valery,"Mar 14, 2019",2406.0,125117.0,500468.0,"Jun 30, 2023",4.0,Southampton,2018-2019,2023.0,premier-league
19,Bernardo Silva,"Mar 13, 2019",180457.0,9383780.0,56302679.0,"Jun 30, 2025",6.0,Manchester City,2018-2019,2025.0,premier-league
20,David Brooks,"Mar 4, 2019",24061.0,1251171.0,3753512.0,"Jun 30, 2022",3.0,Bournemouth,2018-2019,2022.0,premier-league
21,Eliaquim Mangala,"Mar 2, 2019",120305.0,6255853.0,6255853.0,"Jun 30, 2020",1.0,Manchester City,2018-2019,2020.0,premier-league
22,Martin Kelly,"Feb 22, 2019",30076.0,1563963.0,3127927.0,"Jun 30, 2021",2.0,Crystal Palace,2018-2019,2021.0,premier-league
23,Aymeric Laporte,"Feb 22, 2019",144366.0,7507024.0,45042143.0,"Jun 30, 2025",6.0,Manchester City,2018-2019,2025.0,premier-league
24,Romain Saïss,"Feb 21, 2019",60152.0,3127927.0,6255853.0,"Jun 30, 2021",2.0,Wolverhampton,2018-2019,2021.0,premier-league
25,Michael Obafemi,"Feb 20, 2019",22858.0,1188612.0,3565836.0,"Jun 30, 2022",3.0,Southampton,2018-2019,2022.0,premier-league
26,Conor Coady,"Feb 15, 2019",240610.0,12511706.0,50046826.0,"Jun 30, 2023",4.0,Wolverhampton,2018-2019,2023.0,premier-league
27,Matt Doherty,"Feb 15, 2019",42107.0,2189549.0,8758195.0,"Jun 30, 2023",4.0,Wolverhampton,2018-2019,2023.0,premier-league
28,Ashley Young,"Feb 11, 2019",27069.0,1407567.0,1407567.0,"Jun 30, 2020",1.0,Manchester United,2018-2019,2020.0,premier-league
29,Phil Jones,"Feb 8, 2019",29475.0,1532684.0,6130736.0,"Jun 30, 2023",4.0,Manchester United,2018-2019,2023.0,premier-league
30,Anthony Martial,"Jan 31, 2019",30076.0,1563963.0,7819817.0,"Jun 30, 2024",5.0,Manchester United,2018-2019,2024.0,premier-league
31,Marko Arnautovic,"Jan 26, 2019",23459.0,1219891.0,4879566.0,"Jun 30, 2023",4.0,West Ham,2018-2019,2023.0,premier-league
32,Dwight McNeil,"Jan 21, 2019",3609.0,187676.0,750702.0,"Jun 30, 2023",4.0,Burnley,2018-2019,2023.0,premier-league
33,Scott McTominay,"Jan 21, 2019",48122.0,2502341.0,10009365.0,"Jun 30, 2023",4.0,Manchester United,2018-2019,2023.0,premier-league
34,Trent Alexander-Arnold,"Jan 19, 2019",42107.0,2189549.0,10947743.0,"Jun 30, 2024",5.0,Liverpool,2018-2019,2024.0,premier-league
35,Marc Albrighton,"Jan 18, 2019",32482.0,1689080.0,5067241.0,"Jun 30, 2022",3.0,Leicester,2018-2019,2022.0,premier-league
36,Grady Diangana,"Jan 18, 2019",48122.0,2502341.0,15014048.0,"Jun 30, 2025",6.0,West Ham,2018-2019,2025.0,premier-league
37,Andrew Robertson,"Jan 17, 2019",12632.0,656865.0,3284323.0,"Jun 30, 2024",5.0,Liverpool,2018-2019,2024.0,premier-league
38,Toby Alderweireld,"Jan 4, 2019",48122.0,2502341.0,2502341.0,"Jun 30, 2020",1.0,Tottenham,2018-2019,2020.0,premier-league
39,Declan Rice,"Dec 28, 2018",30076.0,1563963.0,7819817.0,"Jun 30, 2024",5.0,West Ham,2018-2019,2024.0,premier-league
40,Jeff Hendrick,"Dec 20, 2018",28873.0,1501405.0,1501405.0,"Jun 30, 2020",1.0,Burnley,2018-2019,2020.0,premier-league
41,Daniel Amartey,"Dec 20, 2018",22858.0,1188612.0,3565836.0,"Jun 30, 2022",3.0,Leicester,2018-2019,2022.0,premier-league
42,Jan Vertonghen,"Dec 18, 2018",107997.0,5615831.0,5615831.0,"Jun 30, 2020",1.0,Tottenham,2018-2019,2020.0,premier-league
43,Ryan Bennett,"Dec 17, 2018",60152.0,3127927.0,6255853.0,"Jun 30, 2021",2.0,Wolverhampton,2018-2019,2021.0,premier-league
44,Chris Smalling,"Dec 15, 2018",22256.0,1157333.0,3471999.0,"Jun 30, 2022",3.0,Manchester United,2018-2019,2022.0,premier-league
45,Mark Noble,"Dec 12, 2018",60152.0,3127927.0,6255853.0,"Jun 30, 2021",2.0,West Ham,2018-2019,2021.0,premier-league
46,Joe Gomez,"Dec 10, 2018",33685.0,1751639.0,8758195.0,"Jun 30, 2024",5.0,Liverpool,2018-2019,2024.0,premier-league
47,Phil Foden,"Dec 10, 2018",14437.0,750702.0,3753512.0,"Jun 30, 2024",5.0,Manchester City,2018-2019,2024.0,premier-league
48,Kyle Walker-Peters,"Dec 10, 2018",24061.0,1251171.0,5004683.0,"Jun 30, 2023",4.0,Tottenham,2018-2019,2023.0,premier-league
49,César Azpilicueta,"Dec 4, 2018",180457.0,9383780.0,28151340.0,"Jun 30, 2022",3.0,Chelsea,2018-2019,2022.0,premier-league
50,Isaac Success,"Nov 29, 2018",36091.0,1876756.0,7507024.0,"Jun 30, 2023",4.0,Watford,2018-2019,2023.0,premier-league
51,N'Golo Kanté,"Nov 23, 2018",180457.0,9383780.0,37535119.0,"Jun 30, 2023",4.0,Chelsea,2018-2019,2023.0,premier-league
52,Hamza Choudhury,"Nov 23, 2018",9023.0,469189.0,1407567.0,"Jun 30, 2022",3.0,Leicester,2018-2019,2022.0,premier-league
53,Sadio Mané,"Nov 22, 2018",120305.0,6255853.0,25023413.0,"Jun 30, 2023",4.0,Liverpool,2018-2019,2023.0,premier-league
54,Adalberto Peñaranda,"Nov 21, 2018",21609.0,1123647.0,4494590.0,"Jun 30, 2023",4.0,Watford,2018-2019,2023.0,premier-league
55,Glenn Murray,"Nov 13, 2018",36091.0,1876756.0,1876756.0,"Jun 30, 2020",1.0,Brighton,2018-2019,2020.0,premier-league
56,Raheem Sterling,"Nov 9, 2018",180457.0,9383780.0,37535119.0,"Jun 30, 2023",4.0,Manchester City,2018-2019,2023.0,premier-league
57,Steven Alzate,"Nov 2, 2018",2406.0,125117.0,125117.0,"Jun 30, 2019",1.0,Brighton,2018-2019,2019.0,premier-league
58,Jamaal Lascelles,"Nov 1, 2018",48122.0,2502341.0,12511706.0,"Jun 30, 2024",5.0,Newcastle,2018-2019,2024.0,premier-league
59,Dele Alli,"Oct 30, 2018",120305.0,6255853.0,31279266.0,"Jun 30, 2024",5.0,Tottenham,2018-2019,2024.0,premier-league
60,Sam Vokes,"Oct 26, 2018",30076.0,1563963.0,3127927.0,"Jun 30, 2021",2.0,Burnley,2018-2019,2021.0,premier-league
61,Marcus Bettinelli,"Oct 25, 2018",42107.0,2189549.0,4379097.0,"Jun 30, 2021",2.0,Fulham,2018-2019,2021.0,premier-league
62,Marcos Alonso,"Oct 24, 2018",120305.0,6255853.0,25023413.0,"Jun 30, 2023",4.0,Chelsea,2018-2019,2023.0,premier-league
63,Ben Chilwell,"Oct 20, 2018",78198.0,4066305.0,20331523.0,"Jun 30, 2024",5.0,Leicester,2018-2019,2024.0,premier-league
64,Luke Shaw,"Oct 18, 2018",180457.0,9383780.0,37535119.0,"Jun 30, 2023",4.0,Manchester United,2018-2019,2023.0,premier-league
65,Kevin Long,"Oct 10, 2018",27670.0,1438846.0,2877692.0,"Jun 30, 2021",2.0,Burnley,2018-2019,2021.0,premier-league
66,Lewis Dunk,"Oct 5, 2018",54137.0,2815134.0,11260536.0,"Jun 30, 2023",4.0,Brighton,2018-2019,2023.0,premier-league
67,Shane Duffy,"Oct 5, 2018",48122.0,2502341.0,10009365.0,"Jun 30, 2023",4.0,Brighton,2018-2019,2023.0,premier-league
68,Beram Kayal,"Sep 28, 2018",30076.0,1563963.0,1563963.0,"Jun 30, 2020",1.0,Brighton,2018-2019,2020.0,premier-league
69,Jordan Pickford,"Sep 26, 2018",120305.0,6255853.0,31279266.0,"Jun 30, 2024",5.0,Everton,2018-2019,2024.0,premier-league
70,Sergio Agüero,"Sep 21, 2018",276863.0,14396884.0,28793768.0,"Jun 30, 2021",2.0,Manchester City,2018-2019,2021.0,premier-league
71,Ethan Ampadu,"Sep 19, 2018",9023.0,469189.0,1876756.0,"Jun 30, 2023",4.0,Chelsea,2018-2019,2023.0,premier-league
72,James McArthur,"Sep 17, 2018",66168.0,3440719.0,6881439.0,"Jun 30, 2021",2.0,Crystal Palace,2018-2019,2021.0,premier-league
73,Steven Defour,"Sep 14, 2018",54137.0,2815134.0,2815134.0,"Jun 30, 2020",1.0,Burnley,2018-2019,2020.0,premier-league
74,Harry Maguire,"Sep 9, 2018",108274.0,5630268.0,22521072.0,"Jun 30, 2023",4.0,Leicester,2018-2019,2023.0,premier-league
75,Junior Stanislas,"Sep 7, 2018",42107.0,2189549.0,4379097.0,"Jun 30, 2021",2.0,Bournemouth,2018-2019,2021.0,premier-league
76,Jordan Henderson,"Sep 3, 2018",168427.0,8758195.0,35032778.0,"Jun 30, 2023",4.0,Liverpool,2018-2019,2023.0,premier-league
77,Kasper Schmeichel,"Aug 31, 2018",156396.0,8132609.0,32530437.0,"Jun 30, 2023",4.0,Leicester,2018-2019,2023.0,premier-league
78,John Ruddy,"Aug 31, 2018",42107.0,2189549.0,2189549.0,"Jun 30, 2020",1.0,Wolverhampton,2018-2019,2020.0,premier-league
79,Sheyi Ojo,"Aug 30, 2018",16750.0,871007.0,871007.0,"Jun 30, 2019",1.0,Liverpool,2018-2019,2019.0,premier-league
80,Wilfred Ndidi,"Aug 19, 2018",90229.0,4691890.0,23459450.0,"Jun 30, 2024",5.0,Leicester,2018-2019,2024.0,premier-league
81,Marko Grujic,"Aug 19, 2018",33500.0,1742015.0,1742015.0,"Jun 30, 2019",1.0,Liverpool,2018-2019,2019.0,premier-league
82,Wilfried Zaha,"Aug 15, 2018",156396.0,8132609.0,32530437.0,"Jun 30, 2023",4.0,Crystal Palace,2018-2019,2023.0,premier-league
83,Ola Aina,"Aug 14, 2018",21400.0,1112820.0,1112820.0,"Jun 30, 2019",1.0,Chelsea,2018-2019,2019.0,premier-league
84,Adrian Mariappa,"Aug 13, 2018",18046.0,938378.0,938378.0,"Jun 30, 2020",1.0,Watford,2018-2019,2020.0,premier-league
85,Christopher Schindler,"Aug 10, 2018",30076.0,1563963.0,3127927.0,"Jun 30, 2021",2.0,Huddersfield,2018-2019,2021.0,premier-league
86,Kieran Dowell,"Aug 9, 2018",18046.0,938378.0,1876756.0,"Jun 30, 2021",2.0,Everton,2018-2019,2021.0,premier-league
87,Jamie Vardy,"Aug 9, 2018",168427.0,8758195.0,26274584.0,"Jun 30, 2022",3.0,Leicester,2018-2019,2022.0,premier-league
88,Ben Mee,"Aug 8, 2018",66168.0,3440719.0,6881439.0,"Jun 30, 2021",2.0,Burnley,2018-2019,2021.0,premier-league
89,Alex Iwobi,"Aug 3, 2018",60152.0,3127927.0,9383780.0,"Jun 30, 2022",3.0,Arsenal,2018-2019,2022.0,premier-league
90,Pedro,"Aug 3, 2018",120050.0,6242620.0,6242620.0,"Jun 30, 2020",1.0,Chelsea,2018-2019,2020.0,premier-league
91,Gabriel Jesus,"Aug 3, 2018",108274.0,5630268.0,22521072.0,"Jun 30, 2023",4.0,Manchester City,2018-2019,2023.0,premier-league
92,Abdoulaye Doucouré,"Aug 2, 2018",84213.0,4379097.0,17516389.0,"Jun 30, 2023",4.0,Watford,2018-2019,2023.0,premier-league
93,Matthew Lowton,"Jul 31, 2018",30076.0,1563963.0,3127927.0,"Jun 30, 2021",2.0,Burnley,2018-2019,2021.0,premier-league
94,Maarten Stekelenburg,"Jul 30, 2018",36091.0,1876756.0,1876756.0,"Jun 30, 2020",1.0,Everton,2018-2019,2020.0,premier-league
95,Kevin McDonald,"Jul 27, 2018",26467.0,1376288.0,1376288.0,"Jun 30, 2020",1.0,Fulham,2018-2019,2020.0,premier-league
96,Joel Coleman,"Jul 27, 2018",4026.0,209330.0,209330.0,"Jun 30, 2019",1.0,Huddersfield,2018-2019,2019.0,premier-league
97,Harvey Barnes,"Jul 24, 2018",6709.0,348884.0,348884.0,"Jun 30, 2019",1.0,Leicester,2018-2019,2019.0,premier-league
98,Solly March,"Jul 20, 2018",36091.0,1876756.0,5630268.0,"Jun 30, 2022",3.0,Brighton,2018-2019,2022.0,premier-league
99,Érik Lamela,"Jul 20, 2018",96244.0,5004683.0,15014048.0,"Jun 30, 2022",3.0,Tottenham,2018-2019,2022.0,premier-league
100,Heung-min Son,"Jul 20, 2018",114290.0,5943061.0,23772242.0,"Jun 30, 2023",4.0,Tottenham,2018-2019,2023.0,premier-league
101,Kenedy,"Jul 12, 2018",30076.0,1563963.0,1563963.0,"Jun 30, 2019",1.0,Newcastle,2018-2019,2019.0,premier-league
102,Aron Gunnarsson,"Jul 9, 2018",28873.0,1501405.0,1501405.0,"Jun 30, 2019",1.0,Cardiff,2018-2019,2019.0,premier-league
103,Will Norris,"Jul 7, 2018",3609.0,187676.0,375351.0,"Jun 30, 2021",2.0,Wolverhampton,2018-2019,2021.0,premier-league
104,Andrew Surman,"Jul 6, 2018",42107.0,2189549.0,2189549.0,"Jun 30, 2020",1.0,Bournemouth,2018-2019,2020.0,premier-league
105,Callum Wilson,"Jul 6, 2018",48122.0,2502341.0,7507024.0,"Jun 30, 2022",3.0,Bournemouth,2018-2019,2022.0,premier-league
106,Brian Murphy,"Jul 6, 2018",12632.0,656865.0,656865.0,"Jun 30, 2019",1.0,Cardiff,2018-2019,2019.0,premier-league
107,Callum Paterson,"Jul 6, 2018",27069.0,1407567.0,4222701.0,"Jun 30, 2022",3.0,Cardiff,2018-2019,2022.0,premier-league
108,Joe Ralls,"Jul 6, 2018",29475.0,1532684.0,4598052.0,"Jun 30, 2022",3.0,Cardiff,2018-2019,2022.0,premier-league
109,Lee Peltier,"Jul 6, 2018",22858.0,1188612.0,1188612.0,"Jun 30, 2020",1.0,Cardiff,2018-2019,2020.0,premier-league
110,Matthew Connolly,"Jul 6, 2018",22858.0,1188612.0,1188612.0,"Jun 30, 2020",1.0,Cardiff,2018-2019,2020.0,premier-league
111,Nathaniel Mendez-Laing,"Jul 6, 2018",22256.0,1157333.0,2314666.0,"Jun 30, 2021",2.0,Cardiff,2018-2019,2021.0,premier-league
112,Sean Morrison,"Jul 6, 2018",30076.0,1563963.0,4691890.0,"Jun 30, 2022",3.0,Cardiff,2018-2019,2022.0,premier-league
113,Tim Ream,"Jul 6, 2018",32482.0,1689080.0,1689080.0,"Jun 30, 2020",1.0,Fulham,2018-2019,2020.0,premier-league
114,Danilo Pantic,"Jul 5, 2018",13395.0,696565.0,696565.0,"Jun 30, 2019",1.0,Chelsea,2018-2019,2019.0,premier-league
115,Tom Cairney,"Jul 5, 2018",48122.0,2502341.0,10009365.0,"Jun 30, 2023",4.0,Fulham,2018-2019,2023.0,premier-league
116,Julián Speroni,"Jul 4, 2018",30076.0,1563963.0,1563963.0,"Jun 30, 2019",1.0,Crystal Palace,2018-2019,2019.0,premier-league
117,Wayne Hennessey,"Jul 4, 2018",48122.0,2502341.0,5004683.0,"Jun 30, 2021",2.0,Crystal Palace,2018-2019,2021.0,premier-league
118,Calum Chambers,"Jul 3, 2018",60152.0,3127927.0,3127927.0,"Jun 30, 2019",1.0,Arsenal,2018-2019,2019.0,premier-league
119,Joe Bennett,"Jul 3, 2018",23459.0,1219891.0,2439783.0,"Jun 30, 2021",2.0,Cardiff,2018-2019,2021.0,premier-league
120,Joel Ward,"Jul 2, 2018",42107.0,2189549.0,4379097.0,"Jun 30, 2021",2.0,Crystal Palace,2018-2019,2021.0,premier-league
121,Mohamed Salah,"Jul 2, 2018",240610.0,12511706.0,50046826.0,"Jun 30, 2023",4.0,Liverpool,2018-2019,2023.0,premier-league
122,Rúben Neves,"Jul 2, 2018",60152.0,3127927.0,12511706.0,"Jun 30, 2023",4.0,Wolverhampton,2018-2019,2023.0,premier-league
