,Player,Nation,Pos,Squad,Age,Born,MP,Starts,Min,90s,Gls,Ast,G-PK,PK,PKatt,CrdY,CrdR,Gls,Ast,G+A,G-PK,G+A-PK,Matches,Season
0,Charlie Adam,sct SCO,MF,Blackpool,24,1985,35,34,"3,049",33.9,12,8,5,7,8,11,0,0.35,0.24,0.59,0.15,0.38,Matches,2010-2011
1,Emmanuel Adebayor,tg TOG,FW,Manchester City,26,1984,8,2,244,2.7,1,0,0,1,1,0,0,0.37,0.00,0.37,0.00,0.00,Matches,2010-2011
2,Gabby Agbonlahor,eng ENG,"FW,MF",Aston Villa,23,1986,26,17,"1,602",17.8,3,1,3,0,0,3,0,0.17,0.06,0.22,0.17,0.22,Matches,2010-2011
3,Daniel Agger,dk DEN,DF,Liverpool,25,1984,16,12,"1,092",12.1,0,0,0,0,0,0,0,0.00,0.00,0.00,0.00,0.00,Matches,2010-2011
4,Yakubu Aiyegbeni,ng NGA,FW,Everton,27,1982,14,7,668,7.4,1,1,1,0,0,0,0,0.13,0.13,0.27,0.13,0.27,Matches,2010-2011
5,Marc Albrighton,eng ENG,"DF,FW",Aston Villa,20,1989,29,20,"1,799",20.0,5,4,5,0,0,3,0,0.25,0.20,0.45,0.25,0.45,Matches,2010-2011
6,Antolín Alcaraz,py PAR,DF,Wigan Athletic,28,1982,34,34,"3,029",33.7,1,1,1,0,0,7,1,0.03,0.03,0.06,0.03,0.06,Matches,2010-2011
7,Alex,br BRA,DF,Chelsea,28,1982,15,12,"1,109",12.3,2,0,2,0,0,3,0,0.16,0.00,0.16,0.16,0.16,Matches,2010-2011
8,Manuel Almunia,es ESP,GK,Arsenal,33,1977,8,8,720,8.0,0,0,0,0,0,1,0,0.00,0.00,0.00,0.00,0.00,Matches,2010-2011
9,Marcos Alonso,es ESP,"DF,MF",Bolton,19,1990,4,4,360,4.0,0,0,0,0,0,3,0,0.00,0.00,0.00,0.00,0.00,Matches,2010-2011
10,Sammy Ameobi,eng ENG,"FW,MF",Newcastle Utd,18,1992,1,0,9,0.1,0,0,0,0,0,0,0,0.00,0.00,0.00,0.00,0.00,Matches,2010-2011
11,Shola Ameobi,ng NGA,FW,Newcastle Utd,28,1981,28,21,"1,752",19.5,6,3,4,2,2,2,0,0.31,0.15,0.46,0.21,0.36,Matches,2010-2011
12,Anderson,br BRA,MF,Manchester Utd,22,1988,18,14,"1,182",13.1,1,2,1,0,0,2,0,0.08,0.15,0.23,0.08,0.23,Matches,2010-2011
13,Keith Andrews,ie IRL,MF,Blackburn,29,1980,5,2,229,2.5,0,0,0,0,0,0,0,0.00,0.00,0.00,0.00,0.00,Matches,2010-2011
14,Nicolas Anelka,fr FRA,FW,Chelsea,31,1979,32,27,"2,356",26.2,6,4,6,0,0,0,0,0.23,0.15,0.38,0.23,0.38,Matches,2010-2011
15,Marcos Angeleri,ar ARG,DF,Sunderland,27,1983,2,0,9,0.1,0,0,0,0,0,0,0,0.00,0.00,0.00,0.00,0.00,Matches,2010-2011
16,Victor Anichebe,ng NGA,FW,Everton,22,1988,16,8,770,8.6,0,0,0,0,0,2,1,0.00,0.00,0.00,0.00,0.00,Matches,2010-2011
17,Andrey Arshavin,ru RUS,"FW,MF",Arsenal,29,1981,37,25,"2,187",24.3,6,11,5,1,1,1,0,0.25,0.45,0.70,0.21,0.66,Matches,2010-2011
18,Mikel Arteta,es ESP,MF,Everton,28,1982,29,29,"2,405",26.7,3,5,3,0,1,1,1,0.11,0.19,0.30,0.11,0.30,Matches,2010-2011
19,Benoît Assou-Ekotto,cm CMR,DF,Tottenham,26,1984,30,30,"2,569",28.5,0,1,0,0,0,2,0,0.00,0.04,0.04,0.00,0.04,Matches,2010-2011
20,Fábio Aurélio,br BRA,"DF,MF",Liverpool,30,1979,14,7,570,6.3,0,0,0,0,0,2,0,0.00,0.00,0.00,0.00,0.00,Matches,2010-2011
21,Demba Ba,sn SEN,FW,West Ham,25,1985,12,10,933,10.4,7,0,7,0,0,1,0,0.68,0.00,0.68,0.68,0.68,Matches,2010-2011
22,Ryan Babel,nl NED,"FW,MF",Liverpool,23,1986,9,1,203,2.3,1,0,1,0,0,0,0,0.44,0.00,0.44,0.44,0.44,Matches,2010-2011
23,Leighton Baines,eng ENG,DF,Everton,25,1984,38,38,"3,420",38.0,5,11,2,3,3,4,0,0.13,0.29,0.42,0.05,0.34,Matches,2010-2011
24,Chris Baird,nir NIR,"DF,MF",Fulham,28,1982,29,25,"2,383",26.5,2,1,2,0,0,5,0,0.08,0.04,0.11,0.08,0.11,Matches,2010-2011
26,Nathan Baker,eng ENG,DF,Aston Villa,19,1991,4,4,247,2.7,0,0,0,0,0,0,0,0.00,0.00,0.00,0.00,0.00,Matches,2010-2011
27,Gareth Bale,wls WAL,"FW,MF",Tottenham,21,1989,30,29,"2,447",27.2,7,1,7,0,0,1,0,0.26,0.04,0.29,0.26,0.29,Matches,2010-2011
28,Mario Balotelli,it ITA,FW,Manchester City,19,1990,17,12,"1,091",12.1,6,0,4,2,2,6,1,0.49,0.00,0.49,0.33,0.33,Matches,2010-2011
29,Barry Bannan,sct SCO,MF,Aston Villa,20,1989,12,7,639,7.1,0,1,0,0,0,1,0,0.00,0.14,0.14,0.00,0.14,Matches,2010-2011
30,Alex Baptiste,eng ENG,DF,Blackpool,24,1986,21,19,"1,731",19.2,2,0,2,0,0,2,0,0.10,0.00,0.10,0.10,0.10,Matches,2010-2011
31,Phil Bardsley,sct SCO,DF,Sunderland,25,1985,34,32,"2,820",31.3,3,1,3,0,0,5,0,0.10,0.03,0.13,0.10,0.13,Matches,2010-2011
32,Giles Barnes,jm JAM,"FW,MF",West Brom,21,1988,14,1,318,3.5,0,0,0,0,0,0,0,0.00,0.00,0.00,0.00,0.00,Matches,2010-2011
33,Pablo Barrera,mx MEX,"FW,MF",West Ham,23,1987,14,6,745,8.3,0,0,0,0,0,0,0,0.00,0.00,0.00,0.00,0.00,Matches,2010-2011
34,Gareth Barry,eng ENG,MF,Manchester City,29,1981,33,31,"2,702",30.0,2,2,2,0,0,8,0,0.07,0.07,0.13,0.07,0.13,Matches,2010-2011
35,Joey Barton,eng ENG,MF,Newcastle Utd,27,1982,32,32,"2,877",32.0,4,9,2,2,2,7,0,0.13,0.28,0.41,0.06,0.34,Matches,2010-2011
36,Chris Basham,eng ENG,"DF,MF",Blackpool,22,1988,2,1,121,1.3,0,1,0,0,0,1,0,0.00,0.74,0.74,0.00,0.74,Matches,2010-2011
37,Sébastien Bassong,cm CMR,DF,Tottenham,24,1986,12,7,828,9.2,1,0,1,0,0,0,0,0.11,0.00,0.11,0.11,0.11,Matches,2010-2011
38,Jose Baxter,eng ENG,"FW,MF",Everton,18,1992,1,0,13,0.1,0,0,0,0,0,0,0,0.00,0.00,0.00,0.00,0.00,Matches,2010-2011
39,James Beattie,eng ENG,FW,Blackpool,32,1978,9,5,433,4.8,0,3,0,0,0,0,0,0.00,0.62,0.62,0.00,0.62,Matches,2010-2011
40,Jean Beausejour,cl CHI,"DF,FW",Birmingham City,26,1984,17,9,895,9.9,2,0,2,0,0,0,0,0.20,0.00,0.20,0.20,0.20,Matches,2010-2011
41,Bebé,cv CPV,"FW,MF",Manchester Utd,20,1990,2,0,75,0.8,0,0,0,0,0,0,0,0.00,0.00,0.00,0.00,0.00,Matches,2010-2011
42,Jermaine Beckford,jm JAM,FW,Everton,26,1983,32,14,"1,327",14.7,8,2,8,0,0,3,0,0.54,0.14,0.68,0.54,0.68,Matches,2010-2011
43,Roman Bednář,cz CZE,FW,West Brom,27,1983,4,1,131,1.5,0,0,0,0,0,0,0,0.00,0.00,0.00,0.00,0.00,Matches,2010-2011
44,Asmir Begović,ba BIH,GK,Stoke City,23,1987,28,28,"2,520",28.0,0,0,0,0,0,3,0,0.00,0.00,0.00,0.00,0.00,Matches,2010-2011
45,Valon Behrami,ch SUI,"DF,MF",West Ham,25,1985,7,6,511,5.7,2,0,2,0,0,1,0,0.35,0.00,0.35,0.35,0.35,Matches,2010-2011
46,Hatem Ben Arfa,fr FRA,"FW,MF",Newcastle Utd,23,1987,4,3,168,1.9,1,0,1,0,0,0,0,0.54,0.00,0.54,0.54,0.54,Matches,2010-2011
47,Tal Ben Haim,il ISR,DF,West Ham,28,1982,8,8,712,7.9,0,1,0,0,0,3,0,0.00,0.13,0.13,0.00,0.13,Matches,2010-2011
48,Yossi Benayoun,il ISR,MF,Chelsea,30,1980,7,1,209,2.3,1,0,1,0,0,0,0,0.43,0.00,0.43,0.43,0.43,Matches,2010-2011
49,Nicklas Bendtner,dk DEN,FW,Arsenal,22,1988,17,3,511,5.7,2,1,2,0,0,2,0,0.35,0.18,0.53,0.35,0.53,Matches,2010-2011
50,Darren Bent,eng ENG,FW,Aston Villa,26,1984,16,16,"1,398",15.5,9,1,9,0,0,0,0,0.58,0.06,0.64,0.58,0.64,Matches,2010-2011
52,Darren Bent,eng ENG,FW,Sunderland,26,1984,20,20,"1,743",19.4,8,0,5,3,3,1,0,0.41,0.00,0.41,0.26,0.26,Matches,2010-2011
53,Marcus Bent,eng ENG,FW,Wolves,32,1978,3,0,14,0.2,0,0,0,0,0,0,0,0.00,0.00,0.00,0.00,0.00,Matches,2010-2011
54,David Bentley,eng ENG,MF,Tottenham,25,1984,2,1,103,1.1,0,0,0,0,0,1,0,0.00,0.00,0.00,0.00,0.00,Matches,2010-2011
55,David Bentley,eng ENG,MF,Birmingham City,25,1984,13,9,821,9.1,0,1,0,0,0,0,0,0.00,0.11,0.11,0.00,0.11,Matches,2010-2011
56,Dimitar Berbatov,bg BUL,FW,Manchester Utd,29,1981,32,24,"2,208",24.5,20,4,20,0,0,1,0,0.82,0.16,0.98,0.82,0.98,Matches,2010-2011
57,Christophe Berra,sct SCO,DF,Wolves,25,1985,32,31,"2,791",31.0,0,1,0,0,0,6,1,0.00,0.03,0.03,0.00,0.03,Matches,2010-2011
58,Ryan Bertrand,eng ENG,"DF,MF",Chelsea,20,1989,1,0,35,0.4,0,1,0,0,0,0,0,0.00,2.57,2.57,0.00,2.57,Matches,2010-2011
59,Leon Best,ie IRL,FW,Newcastle Utd,23,1986,11,9,741,8.2,6,0,6,0,0,0,0,0.73,0.00,0.73,0.73,0.73,Matches,2010-2011
60,Habib Beye,sn SEN,DF,Aston Villa,32,1977,3,2,182,2.0,0,0,0,0,0,0,0,0.00,0.00,0.00,0.00,0.00,Matches,2010-2011
61,Diniyar Bilyaletdinov,ru RUS,MF,Everton,25,1985,26,10,932,10.4,2,2,2,0,0,1,1,0.19,0.19,0.39,0.19,0.39,Matches,2010-2011
62,Mame Biram Diouf,sn SEN,"FW,MF",Blackburn,22,1987,26,17,"1,614",17.9,3,1,3,0,0,2,0,0.17,0.06,0.22,0.17,0.22,Matches,2010-2011
63,Robbie Blake,eng ENG,"FW,MF",Bolton,34,1976,8,0,47,0.5,1,0,1,0,0,0,0,1.91,0.00,1.91,1.91,1.91,Matches,2010-2011
64,Luís Boa Morte,pt POR,"FW,MF",West Ham,32,1977,22,19,"1,499",16.7,0,2,0,0,0,7,0,0.00,0.12,0.12,0.00,0.12,Matches,2010-2011
65,Jérôme Boateng,de GER,DF,Manchester City,21,1988,16,14,"1,238",13.8,0,0,0,0,0,1,0,0.00,0.00,0.00,0.00,0.00,Matches,2010-2011
66,Ruud Boffin,be BEL,GK,West Ham,22,1987,1,1,90,1.0,0,0,0,0,0,0,0,0.00,0.00,0.00,0.00,0.00,Matches,2010-2011
67,Ádám Bogdán,hu HUN,GK,Bolton,22,1987,4,3,323,3.6,0,0,0,0,0,0,0,0.00,0.00,0.00,0.00,0.00,Matches,2010-2011
68,Mauro Boselli,ar ARG,FW,Wigan Athletic,25,1985,8,5,496,5.5,0,0,0,0,1,0,0,0.00,0.00,0.00,0.00,0.00,Matches,2010-2011
69,José Bosingwa,pt POR,DF,Chelsea,27,1982,20,13,"1,262",14.0,0,0,0,0,0,1,0,0.00,0.00,0.00,0.00,0.00,Matches,2010-2011
70,Lee Bowyer,eng ENG,MF,Birmingham City,33,1977,29,24,"2,042",22.7,4,1,4,0,0,7,0,0.18,0.04,0.22,0.18,0.22,Matches,2010-2011
71,Dedryck Boyata,be BEL,DF,Manchester City,19,1990,7,5,345,3.8,0,0,0,0,0,1,1,0.00,0.00,0.00,0.00,0.00,Matches,2010-2011
72,Emmerson Boyce,bb BRB,DF,Wigan Athletic,30,1979,22,20,"1,669",18.5,0,0,0,0,0,3,0,0.00,0.00,0.00,0.00,0.00,Matches,2010-2011
73,Michael Bradley,us USA,MF,Aston Villa,23,1987,3,0,31,0.3,0,0,0,0,0,0,0,0.00,0.00,0.00,0.00,0.00,Matches,2010-2011
74,Titus Bramble,eng ENG,DF,Sunderland,29,1981,23,22,"2,003",22.3,0,0,0,0,0,5,1,0.00,0.00,0.00,0.00,0.00,Matches,2010-2011
75,Wayne Bridge,eng ENG,DF,West Ham,29,1980,15,15,"1,348",15.0,0,1,0,0,0,0,0,0.00,0.07,0.07,0.00,0.07,Matches,2010-2011
76,Wayne Bridge,eng ENG,DF,Manchester City,29,1980,3,1,149,1.7,0,0,0,0,0,0,0,0.00,0.00,0.00,0.00,0.00,Matches,2010-2011
78,Matthew Briggs,gy GUY,DF,Fulham,19,1991,3,3,195,2.2,0,0,0,0,0,0,0,0.00,0.00,0.00,0.00,0.00,Matches,2010-2011
79,Wes Brown,eng ENG,DF,Manchester Utd,30,1979,7,4,429,4.8,0,0,0,0,0,2,0,0.00,0.00,0.00,0.00,0.00,Matches,2010-2011
80,Jeffrey Bruma,nl NED,DF,Chelsea,18,1991,2,1,110,1.2,0,0,0,0,0,0,0,0.00,0.00,0.00,0.00,0.00,Matches,2010-2011
81,Chris Brunt,nir NIR,"DF,MF",West Brom,25,1984,34,34,"3,010",33.4,4,9,2,2,3,9,0,0.12,0.27,0.39,0.06,0.33,Matches,2010-2011
82,Mark Bunn,eng ENG,GK,Blackburn,25,1984,3,2,225,2.5,0,0,0,0,0,1,0,0.00,0.00,0.00,0.00,0.00,Matches,2010-2011
83,Gary Cahill,eng ENG,DF,Bolton,24,1985,36,36,"3,214",35.7,3,0,3,0,0,7,1,0.08,0.00,0.08,0.08,0.08,Matches,2010-2011
84,Tim Cahill,au AUS,"FW,MF",Everton,30,1979,27,22,"2,016",22.4,9,3,9,0,0,4,0,0.40,0.13,0.54,0.40,0.54,Matches,2010-2011
85,Gary Caldwell,sct SCO,"DF,MF",Wigan Athletic,28,1982,23,23,"1,976",22.0,0,1,0,0,0,7,1,0.00,0.05,0.05,0.00,0.05,Matches,2010-2011
86,Steven Caldwell,sct SCO,DF,Wigan Athletic,29,1980,10,8,815,9.1,0,0,0,0,0,2,0,0.00,0.00,0.00,0.00,0.00,Matches,2010-2011
87,DJ Campbell,eng ENG,FW,Blackpool,28,1981,31,30,"2,626",29.2,13,1,13,0,0,1,1,0.45,0.03,0.48,0.45,0.48,Matches,2010-2011
88,Fraizer Campbell,eng ENG,FW,Sunderland,22,1987,3,3,225,2.5,0,0,0,0,0,0,0,0.00,0.00,0.00,0.00,0.00,Matches,2010-2011
89,Sol Campbell,eng ENG,"DF,FW",Newcastle Utd,35,1974,7,4,408,4.5,0,0,0,0,0,1,0,0.00,0.00,0.00,0.00,0.00,Matches,2010-2011
90,John Carew,no NOR,FW,Stoke City,30,1979,10,7,615,6.8,1,1,1,0,0,1,0,0.15,0.15,0.29,0.15,0.29,Matches,2010-2011
91,John Carew,no NOR,FW,Aston Villa,30,1979,10,6,538,6.0,0,0,0,0,1,0,0,0.00,0.00,0.00,0.00,0.00,Matches,2010-2011
92,David Carney,au AUS,"DF,MF",Blackpool,26,1983,11,5,496,5.5,0,0,0,0,0,0,0,0.00,0.00,0.00,0.00,0.00,Matches,2010-2011
93,Stephen Carr,ie IRL,DF,Birmingham City,33,1976,38,38,"3,372",37.5,0,0,0,0,0,4,0,0.00,0.00,0.00,0.00,0.00,Matches,2010-2011
94,Jamie Carragher,eng ENG,"DF,MF",Liverpool,32,1978,28,28,"2,486",27.6,0,0,0,0,0,4,0,0.00,0.00,0.00,0.00,0.00,Matches,2010-2011
95,Michael Carrick,eng ENG,MF,Manchester Utd,29,1981,28,23,"1,972",21.9,0,0,0,0,0,1,0,0.00,0.00,0.00,0.00,0.00,Matches,2010-2011
96,Andy Carroll,eng ENG,FW,Liverpool,21,1989,7,5,445,4.9,2,0,2,0,0,1,0,0.40,0.00,0.40,0.40,0.40,Matches,2010-2011
97,Andy Carroll,eng ENG,FW,Newcastle Utd,21,1989,19,18,"1,625",18.1,11,4,11,0,0,4,0,0.61,0.22,0.83,0.61,0.83,Matches,2010-2011
98,Scott Carson,eng ENG,GK,West Brom,24,1985,32,32,"2,880",32.0,0,0,0,0,0,1,0,0.00,0.00,0.00,0.00,0.00,Matches,2010-2011
99,Craig Cathcart,nir NIR,DF,Blackpool,21,1989,30,28,"2,387",26.5,1,0,1,0,0,1,0,0.04,0.00,0.04,0.04,0.04,Matches,2010-2011
100,Lee Cattermole,eng ENG,MF,Sunderland,22,1988,23,22,"1,922",21.4,0,0,0,0,0,10,2,0.00,0.00,0.00,0.00,0.00,Matches,2010-2011
101,Marek Čech,sk SVK,DF,West Brom,27,1983,15,14,"1,216",13.5,0,1,0,0,0,1,0,0.00,0.07,0.07,0.00,0.07,Matches,2010-2011
102,Petr Čech,cz CZE,GK,Chelsea,28,1982,38,38,"3,420",38.0,0,1,0,0,0,0,0,0.00,0.03,0.03,0.00,0.03,Matches,2010-2011
104,Marouane Chamakh,ma MAR,FW,Arsenal,26,1984,29,18,"1,845",20.5,7,4,7,0,0,5,0,0.34,0.20,0.54,0.34,0.54,Matches,2010-2011
105,Pascal Chimbonda,fr FRA,DF,Blackburn,31,1979,6,3,365,4.1,0,0,0,0,0,1,0,0.00,0.00,0.00,0.00,0.00,Matches,2010-2011
106,Lee Chung-yong,kr KOR,"FW,MF",Bolton,22,1988,31,25,"2,185",24.3,3,6,3,0,0,1,0,0.12,0.25,0.37,0.12,0.37,Matches,2010-2011
107,Ciaran Clark,ie IRL,"DF,MF",Aston Villa,20,1989,19,16,"1,569",17.4,3,0,3,0,0,9,0,0.17,0.00,0.17,0.17,0.17,Matches,2010-2011
108,Tom Cleverley,eng ENG,MF,Wigan Athletic,20,1989,25,19,"1,637",18.2,4,2,4,0,0,1,0,0.22,0.11,0.33,0.22,0.33,Matches,2010-2011
109,Gaël Clichy,fr FRA,DF,Arsenal,25,1985,33,33,"2,970",33.0,0,1,0,0,0,3,0,0.00,0.03,0.03,0.00,0.03,Matches,2010-2011
110,Tamir Cohen,il ISR,MF,Bolton,26,1984,8,3,326,3.6,1,0,1,0,0,1,0,0.28,0.00,0.28,0.28,0.28,Matches,2010-2011
111,Jack Colback,eng ENG,MF,Sunderland,20,1989,11,6,589,6.5,0,0,0,0,0,1,0,0.00,0.00,0.00,0.00,0.00,Matches,2010-2011
112,Ashley Cole,eng ENG,DF,Chelsea,29,1980,38,38,"3,385",37.6,0,3,0,0,0,4,0,0.00,0.08,0.08,0.00,0.08,Matches,2010-2011
113,Carlton Cole,eng ENG,FW,West Ham,26,1983,35,21,"2,120",23.6,5,2,5,0,1,4,0,0.21,0.08,0.30,0.21,0.30,Matches,2010-2011
114,Joe Cole,eng ENG,MF,Liverpool,28,1981,20,9,801,8.9,2,1,2,0,0,1,1,0.22,0.11,0.34,0.22,0.34,Matches,2010-2011
115,Séamus Coleman,ie IRL,"DF,MF",Everton,21,1988,34,25,"2,258",25.1,4,1,4,0,0,5,1,0.16,0.04,0.20,0.16,0.20,Matches,2010-2011
116,Danny Collins,wls WAL,DF,Stoke City,29,1980,25,23,"2,030",22.6,0,0,0,0,0,6,0,0.00,0.00,0.00,0.00,0.00,Matches,2010-2011
117,James Collins,wls WAL,DF,Aston Villa,26,1983,32,31,"2,854",31.7,3,0,3,0,0,5,0,0.09,0.00,0.09,0.09,0.09,Matches,2010-2011
118,Jack Collison,wls WAL,MF,West Ham,21,1988,3,2,200,2.2,0,0,0,0,0,0,0,0.00,0.00,0.00,0.00,0.00,Matches,2010-2011
119,Fabricio Coloccini,ar ARG,"DF,MF",Newcastle Utd,28,1982,35,35,"3,081",34.2,2,0,2,0,0,3,1,0.06,0.00,0.06,0.06,0.06,Matches,2010-2011
120,Jordan Cook,eng ENG,FW,Sunderland,20,1990,3,0,32,0.4,0,0,0,0,0,0,0,0.00,0.00,0.00,0.00,0.00,Matches,2010-2011
121,Vedran Ćorluka,hr CRO,DF,Tottenham,24,1986,15,13,"1,163",12.9,0,1,0,0,0,1,0,0.00,0.08,0.08,0.00,0.08,Matches,2010-2011
122,Manuel da Costa,ma MAR,DF,West Ham,24,1986,16,14,"1,293",14.4,1,0,1,0,0,3,0,0.07,0.00,0.07,0.07,0.07,Matches,2010-2011
123,Simon Cox,ie IRL,FW,West Brom,23,1987,19,8,772,8.6,1,0,1,0,0,0,0,0.12,0.00,0.12,0.12,0.12,Matches,2010-2011
124,Jody Craddock,eng ENG,"DF,MF",Wolves,35,1975,15,14,"1,175",13.1,1,0,1,0,0,5,0,0.08,0.00,0.08,0.08,0.08,Matches,2010-2011
125,Stephen Crainey,sct SCO,DF,Blackpool,29,1981,31,31,"2,746",30.5,0,0,0,0,0,3,0,0.00,0.00,0.00,0.00,0.00,Matches,2010-2011
126,Peter Crouch,eng ENG,FW,Tottenham,29,1981,34,20,"1,945",21.6,4,6,4,0,0,0,0,0.19,0.28,0.46,0.19,0.46,Matches,2010-2011
127,Carlo Cudicini,it ITA,GK,Tottenham,36,1973,8,8,720,8.0,0,0,0,0,0,0,0,0.00,0.00,0.00,0.00,0.00,Matches,2010-2011
128,Carlos Cuéllar,es ESP,DF,Aston Villa,28,1981,12,10,894,9.9,0,0,0,0,0,2,0,0.00,0.00,0.00,0.00,0.00,Matches,2010-2011
130,Scott Dann,eng ENG,DF,Birmingham City,23,1987,20,20,"1,800",20.0,2,1,2,0,0,4,0,0.10,0.05,0.15,0.10,0.15,Matches,2010-2011
131,Curtis Davies,eng ENG,DF,Birmingham City,25,1985,6,2,338,3.8,0,0,0,0,0,1,0,0.00,0.00,0.00,0.00,0.00,Matches,2010-2011
132,Kevin Davies,eng ENG,FW,Bolton,33,1977,38,38,"3,382",37.6,8,5,4,4,5,10,0,0.21,0.13,0.35,0.11,0.24,Matches,2010-2011
133,Mark Davies,eng ENG,MF,Bolton,22,1988,24,9,985,10.9,1,3,1,0,0,4,1,0.09,0.27,0.37,0.09,0.37,Matches,2010-2011
134,Simon Davies,wls WAL,MF,Fulham,30,1979,30,25,"2,211",24.6,4,4,4,0,0,0,0,0.16,0.16,0.33,0.16,0.33,Matches,2010-2011
135,Michael Dawson,eng ENG,DF,Tottenham,26,1983,24,24,"2,160",24.0,1,0,1,0,0,6,0,0.04,0.00,0.04,0.04,0.04,Matches,2010-2011
136,Jermain Defoe,eng ENG,FW,Tottenham,27,1982,22,16,"1,477",16.4,4,2,4,0,0,0,1,0.24,0.12,0.37,0.24,0.37,Matches,2010-2011
137,Rory Delap,ie IRL,MF,Stoke City,34,1976,37,33,"2,955",32.8,2,1,2,0,0,5,0,0.06,0.03,0.09,0.06,0.09,Matches,2010-2011
138,Nathan Delfouneso,eng ENG,"FW,MF",Aston Villa,19,1991,11,2,398,4.4,1,0,1,0,0,0,0,0.23,0.00,0.23,0.23,0.23,Matches,2010-2011
139,Fabian Delph,eng ENG,"DF,MF",Aston Villa,20,1989,7,4,413,4.6,0,0,0,0,0,1,0,0.00,0.00,0.00,0.00,0.00,Matches,2010-2011
140,Mousa Dembélé,be BEL,MF,Fulham,23,1987,24,22,"1,915",21.3,3,3,3,0,0,0,0,0.14,0.14,0.28,0.14,0.28,Matches,2010-2011
141,Ishmel Demontagnac,eng ENG,MF,Blackpool,22,1988,1,0,34,0.4,0,0,0,0,0,0,0,0.00,0.00,0.00,0.00,0.00,Matches,2010-2011
142,Clint Dempsey,us USA,"FW,MF",Fulham,27,1983,37,35,"3,091",34.3,12,3,11,1,2,5,0,0.35,0.09,0.44,0.32,0.41,Matches,2010-2011
143,Denílson,br BRA,MF,Arsenal,22,1988,16,6,629,7.0,0,0,0,0,0,4,0,0.00,0.00,0.00,0.00,0.00,Matches,2010-2011
144,Edwin van der Sar,nl NED,GK,Manchester Utd,39,1970,33,33,"2,970",33.0,0,1,0,0,0,1,0,0.00,0.03,0.03,0.00,0.03,Matches,2010-2011
145,Rafael van der Vaart,nl NED,MF,Tottenham,27,1983,28,28,"2,222",24.7,13,8,9,4,4,4,0,0.53,0.32,0.85,0.36,0.69,Matches,2010-2011
146,Matt Derbyshire,eng ENG,FW,Birmingham City,24,1986,13,4,470,5.2,0,0,0,0,0,1,0,0.00,0.00,0.00,0.00,0.00,Matches,2010-2011
147,Franco Di Santo,ar ARG,FW,Wigan Athletic,21,1989,25,9,928,10.3,1,2,1,0,0,2,0,0.10,0.19,0.29,0.10,0.29,Matches,2010-2011
148,Abou Diaby,fr FRA,MF,Arsenal,24,1986,16,13,954,10.6,2,3,2,0,0,1,1,0.19,0.28,0.47,0.19,0.47,Matches,2010-2011
149,Alessandro Diamanti,it ITA,"FW,MF",West Ham,27,1983,1,0,19,0.2,0,0,0,0,0,0,0,0.00,0.00,0.00,0.00,0.00,Matches,2010-2011
150,Mohamed Diamé,sn SEN,MF,Wigan Athletic,23,1987,36,30,"2,633",29.3,1,2,1,0,0,6,0,0.03,0.07,0.10,0.03,0.10,Matches,2010-2011
151,Salif Diao,sn SEN,MF,Stoke City,33,1977,8,3,236,2.6,0,0,0,0,0,3,0,0.00,0.00,0.00,0.00,0.00,Matches,2010-2011
152,Kagisho Dikgacoi,za RSA,MF,Fulham,25,1984,1,0,5,0.1,0,0,0,0,0,0,0,0.00,0.00,0.00,0.00,0.00,Matches,2010-2011
153,Sylvain Distin,fr FRA,DF,Everton,32,1977,38,38,"3,409",37.9,2,0,2,0,0,1,0,0.05,0.00,0.05,0.05,0.05,Matches,2010-2011
154,Johan Djourou,ch SUI,DF,Arsenal,23,1987,22,20,"1,794",19.9,1,0,1,0,0,3,0,0.05,0.00,0.05,0.05,0.05,Matches,2010-2011
156,Graham Dorrans,sct SCO,"FW,MF",West Brom,23,1987,21,16,"1,414",15.7,1,1,1,0,0,2,0,0.06,0.06,0.13,0.06,0.13,Matches,2010-2011
157,Giovani dos Santos,mx MEX,"FW,MF",Tottenham,21,1989,3,0,45,0.5,0,0,0,0,0,0,0,0.00,0.00,0.00,0.00,0.00,Matches,2010-2011
158,Stewart Downing,eng ENG,"FW,MF",Aston Villa,26,1984,38,38,"3,385",37.6,7,7,7,0,0,0,0,0.19,0.19,0.37,0.19,0.37,Matches,2010-2011
159,Colin Doyle,ie IRL,GK,Birmingham City,25,1985,1,0,51,0.6,0,0,0,0,0,0,0,0.00,0.00,0.00,0.00,0.00,Matches,2010-2011
160,Kevin Doyle,ie IRL,FW,Wolves,26,1983,26,25,"2,184",24.3,5,4,3,2,2,1,0,0.21,0.16,0.37,0.12,0.29,Matches,2010-2011
161,Didier Drogba,ci CIV,FW,Chelsea,32,1978,36,30,"2,791",31.0,11,13,9,2,3,6,0,0.35,0.42,0.77,0.29,0.71,Matches,2010-2011
162,Damien Duff,ie IRL,"FW,MF",Fulham,31,1979,24,22,"1,876",20.8,4,2,4,0,0,3,0,0.19,0.10,0.29,0.19,0.29,Matches,2010-2011
163,David Dunn,eng ENG,MF,Blackburn,30,1979,27,17,"1,385",15.4,2,1,1,1,1,3,0,0.13,0.06,0.19,0.06,0.13,Matches,2010-2011
164,Richard Dunne,ie IRL,DF,Aston Villa,30,1979,32,32,"2,717",30.2,0,1,0,0,0,4,0,0.00,0.03,0.03,0.00,0.03,Matches,2010-2011
165,Kieron Dyer,eng ENG,MF,West Ham,31,1978,11,8,602,6.7,0,0,0,0,0,0,0,0.00,0.00,0.00,0.00,0.00,Matches,2010-2011
166,Edin Džeko,ba BIH,FW,Manchester City,24,1986,15,8,854,9.5,2,2,2,0,0,0,0,0.21,0.21,0.42,0.21,0.42,Matches,2010-2011
167,Neal Eardley,wls WAL,DF,Blackpool,21,1988,31,30,"2,556",28.4,1,0,1,0,0,4,0,0.04,0.00,0.04,0.04,0.04,Matches,2010-2011
168,Sylvan Ebanks-Blake,eng ENG,FW,Wolves,24,1986,30,11,"1,324",14.7,7,3,7,0,0,0,0,0.48,0.20,0.68,0.48,0.68,Matches,2010-2011
169,Emmanuel Eboué,ci CIV,"DF,MF",Arsenal,27,1983,13,8,707,7.9,1,0,1,0,0,4,0,0.13,0.00,0.13,0.13,0.13,Matches,2010-2011
170,Nathan Eccleston,eng ENG,FW,Liverpool,19,1990,1,0,11,0.1,0,0,0,0,0,0,0,0.00,0.00,0.00,0.00,0.00,Matches,2010-2011
171,David Edwards,wls WAL,MF,Wolves,24,1986,15,12,913,10.1,1,1,1,0,0,0,0,0.10,0.10,0.20,0.10,0.20,Matches,2010-2011
172,Rob Edwards,wls WAL,DF,Blackpool,27,1982,2,1,107,1.2,0,0,0,0,0,0,0,0.00,0.00,0.00,0.00,0.00,Matches,2010-2011
173,Johan Elmander,se SWE,FW,Bolton,29,1981,37,37,"3,092",34.4,10,6,10,0,0,4,0,0.29,0.17,0.47,0.29,0.47,Matches,2010-2011
174,Ahmed Elmohamady,eg EGY,"DF,MF",Sunderland,22,1987,36,26,"2,455",27.3,0,2,0,0,0,1,0,0.00,0.07,0.07,0.00,0.07,Matches,2010-2011
175,George Elokobi,cm CMR,DF,Wolves,24,1986,27,23,"2,124",23.6,2,2,2,0,0,6,0,0.08,0.08,0.17,0.08,0.17,Matches,2010-2011
176,Brett Emerton,au AUS,"DF,MF",Blackburn,31,1979,30,24,"2,194",24.4,4,5,4,0,0,4,0,0.16,0.21,0.37,0.16,0.37,Matches,2010-2011
177,Jay Emmanuel-Thomas,eng ENG,"FW,MF",Arsenal,19,1990,1,0,10,0.1,0,0,0,0,0,0,0,0.00,0.00,0.00,0.00,0.00,Matches,2010-2011
178,José Enrique,es ESP,DF,Newcastle Utd,24,1986,36,36,"3,123",34.7,0,1,0,0,0,5,0,0.00,0.03,0.03,0.00,0.03,Matches,2010-2011
179,Michael Essien,gh GHA,"DF,MF",Chelsea,27,1982,33,32,"2,797",31.1,3,2,3,0,0,5,1,0.10,0.06,0.16,0.10,0.16,Matches,2010-2011
180,Matthew Etherington,eng ENG,MF,Stoke City,28,1981,32,30,"2,517",28.0,5,6,3,2,2,5,0,0.18,0.21,0.39,0.11,0.32,Matches,2010-2011
182,Dickson Etuhu,ng NGA,MF,Fulham,28,1982,28,23,"1,971",21.9,2,2,2,0,0,3,0,0.09,0.09,0.18,0.09,0.18,Matches,2010-2011
183,Jason Euell,jm JAM,"FW,MF",Blackpool,33,1977,3,1,105,1.2,0,0,0,0,0,1,0,0.00,0.00,0.00,0.00,0.00,Matches,2010-2011
184,Jonny Evans,nir NIR,DF,Manchester Utd,22,1988,13,11,"1,005",11.2,0,0,0,0,0,2,1,0.00,0.00,0.00,0.00,0.00,Matches,2010-2011
185,Ian Evatt,eng ENG,DF,Blackpool,28,1981,38,36,"3,215",35.7,1,3,1,0,0,6,1,0.03,0.08,0.11,0.03,0.11,Matches,2010-2011
186,Patrice Evra,fr FRA,DF,Manchester Utd,29,1981,35,34,"2,957",32.9,1,1,1,0,0,1,0,0.03,0.03,0.06,0.03,0.06,Matches,2010-2011
187,Łukasz Fabiański,pl POL,GK,Arsenal,25,1985,14,14,"1,260",14.0,0,1,0,0,0,0,0,0.00,0.07,0.07,0.00,0.07,Matches,2010-2011
188,Fábio,br BRA,DF,Manchester Utd,20,1990,11,5,559,6.2,1,0,1,0,0,2,0,0.16,0.00,0.16,0.16,0.16,Matches,2010-2011
189,Cesc Fàbregas,es ESP,"FW,MF",Arsenal,23,1987,25,22,"1,880",20.9,3,11,3,0,1,5,0,0.14,0.53,0.67,0.14,0.67,Matches,2010-2011
190,Keith Fahey,ie IRL,MF,Birmingham City,27,1983,24,19,"1,516",16.8,1,1,1,0,0,2,0,0.06,0.06,0.12,0.06,0.12,Matches,2010-2011
191,Julien Faubert,fr FRA,"DF,FW",West Ham,26,1983,9,7,612,6.8,0,0,0,0,0,2,0,0.00,0.00,0.00,0.00,0.00,Matches,2010-2011
192,Abdoulaye Faye,sn SEN,"DF,MF",Stoke City,32,1978,14,12,"1,127",12.5,1,0,1,0,0,1,0,0.08,0.00,0.08,0.08,0.08,Matches,2010-2011
193,Marouane Fellaini,be BEL,MF,Everton,22,1987,20,19,"1,653",18.4,1,2,1,0,0,3,1,0.05,0.11,0.16,0.05,0.16,Matches,2010-2011
194,Anton Ferdinand,eng ENG,DF,Sunderland,25,1985,27,23,"2,088",23.2,0,0,0,0,0,2,0,0.00,0.00,0.00,0.00,0.00,Matches,2010-2011
195,Rio Ferdinand,eng ENG,DF,Manchester Utd,31,1978,19,19,"1,710",19.0,0,0,0,0,0,0,0,0.00,0.00,0.00,0.00,0.00,Matches,2010-2011
196,Barry Ferguson,sct SCO,MF,Birmingham City,32,1978,35,35,"3,150",35.0,0,0,0,0,0,1,0,0.00,0.00,0.00,0.00,0.00,Matches,2010-2011
197,Shane Ferguson,nir NIR,"DF,MF",Newcastle Utd,19,1991,7,3,309,3.4,0,0,0,0,0,0,0,0.00,0.00,0.00,0.00,0.00,Matches,2010-2011
198,Paulo Ferreira,pt POR,DF,Chelsea,31,1979,21,12,"1,039",11.5,0,2,0,0,0,2,0,0.00,0.17,0.17,0.00,0.17,Matches,2010-2011
199,Maynor Figueroa,hn HON,DF,Wigan Athletic,27,1983,33,32,"2,809",31.2,1,2,1,0,0,11,0,0.03,0.06,0.10,0.03,0.10,Matches,2010-2011
200,Jon Flanagan,eng ENG,DF,Liverpool,17,1993,7,7,620,6.9,0,0,0,0,0,3,0,0.00,0.00,0.00,0.00,0.00,Matches,2010-2011
201,Darren Fletcher,sct SCO,MF,Manchester Utd,26,1984,26,24,"2,109",23.4,2,6,2,0,0,3,0,0.09,0.26,0.34,0.09,0.34,Matches,2010-2011
202,Steven Fletcher,sct SCO,FW,Wolves,23,1987,29,15,"1,394",15.5,10,2,9,1,1,1,0,0.65,0.13,0.77,0.58,0.71,Matches,2010-2011
203,Kevin Foley,ie IRL,"DF,MF",Wolves,25,1984,33,30,"2,728",30.3,2,2,2,0,0,3,0,0.07,0.07,0.13,0.07,0.13,Matches,2010-2011
204,Adam Forshaw,eng ENG,MF,Everton,18,1991,1,0,9,0.1,0,0,0,0,0,0,0,0.00,0.00,0.00,0.00,0.00,Matches,2010-2011
205,Marc-Antoine Fortuné,fr FRA,FW,West Brom,29,1981,25,14,"1,119",12.4,2,1,2,0,0,0,0,0.16,0.08,0.24,0.16,0.24,Matches,2010-2011
206,Ben Foster,eng ENG,GK,Birmingham City,27,1983,38,38,"3,369",37.4,0,0,0,0,0,3,0,0.00,0.00,0.00,0.00,0.00,Matches,2010-2011
208,Brad Friedel,us USA,GK,Aston Villa,39,1971,38,38,"3,420",38.0,0,0,0,0,0,2,0,0.00,0.00,0.00,0.00,0.00,Matches,2010-2011
209,Ricardo Fuller,jm JAM,FW,Stoke City,30,1979,28,9,"1,096",12.2,4,1,4,0,0,3,0,0.33,0.08,0.41,0.33,0.41,Matches,2010-2011
210,Danny Gabbidon,wls WAL,DF,West Ham,30,1979,26,24,"2,180",24.2,0,0,0,0,0,3,0,0.00,0.00,0.00,0.00,0.00,Matches,2010-2011
211,William Gallas,fr FRA,DF,Tottenham,32,1977,27,26,"2,339",26.0,0,0,0,0,0,5,0,0.00,0.00,0.00,0.00,0.00,Matches,2010-2011
212,Morten Gamst Pedersen,no NOR,"FW,MF",Blackburn,28,1981,35,27,"2,525",28.1,4,6,4,0,1,1,0,0.14,0.21,0.36,0.14,0.36,Matches,2010-2011
213,Craig Gardner,eng ENG,MF,Birmingham City,23,1986,29,25,"2,218",24.6,8,0,7,1,1,6,2,0.32,0.00,0.32,0.28,0.28,Matches,2010-2011
214,Ricardo Gardner,jm JAM,"DF,MF",Bolton,31,1978,5,3,321,3.6,0,1,0,0,0,0,0,0.00,0.28,0.28,0.00,0.28,Matches,2010-2011
215,Zoltán Gera,hu HUN,MF,Fulham,31,1979,27,10,"1,118",12.4,1,1,1,0,0,2,1,0.08,0.08,0.16,0.08,0.16,Matches,2010-2011
216,Steven Gerrard,eng ENG,MF,Liverpool,30,1980,21,20,"1,870",20.8,4,5,2,2,3,2,0,0.19,0.24,0.43,0.10,0.34,Matches,2010-2011
217,Kieran Gibbs,eng ENG,"DF,MF",Arsenal,20,1989,7,4,348,3.9,0,0,0,0,0,1,0,0.00,0.00,0.00,0.00,0.00,Matches,2010-2011
218,Darron Gibson,ie IRL,MF,Manchester Utd,22,1987,12,6,656,7.3,0,1,0,0,0,3,0,0.00,0.14,0.14,0.00,0.14,Matches,2010-2011
219,Ryan Giggs,wls WAL,"FW,MF",Manchester Utd,36,1973,25,19,"1,676",18.6,2,6,2,0,0,5,0,0.11,0.32,0.43,0.11,0.43,Matches,2010-2011
220,Matt Gilks,sct SCO,GK,Blackpool,28,1982,18,18,"1,575",17.5,0,0,0,0,0,0,0,0.00,0.00,0.00,0.00,0.00,Matches,2010-2011
221,Gaël Givet,fr FRA,DF,Blackburn,28,1981,29,29,"2,445",27.2,1,0,1,0,0,4,0,0.04,0.00,0.04,0.04,0.04,Matches,2010-2011
222,Steve Gohouri,ci CIV,DF,Wigan Athletic,29,1981,27,26,"2,362",26.2,1,1,1,0,0,9,0,0.04,0.04,0.08,0.04,0.08,Matches,2010-2011
223,Heurelho Gomes,br BRA,GK,Tottenham,29,1981,30,30,"2,700",30.0,0,0,0,0,0,4,0,0.00,0.00,0.00,0.00,0.00,Matches,2010-2011
224,Jordi Gómez,es ESP,MF,Wigan Athletic,25,1985,13,9,720,8.0,1,0,1,0,0,0,0,0.12,0.00,0.12,0.12,0.12,Matches,2010-2011
225,Craig Gordon,sct SCO,GK,Sunderland,27,1982,15,15,"1,350",15.0,0,0,0,0,0,0,0,0.00,0.00,0.00,0.00,0.00,Matches,2010-2011
226,Dan Gosling,eng ENG,"DF,MF",Newcastle Utd,20,1990,1,0,1,0.0,0,0,0,0,0,0,0,0.00,0.00,0.00,0.00,0.00,Matches,2010-2011
227,Hérold Goulon,fr FRA,"DF,MF",Blackburn,22,1988,4,1,59,0.7,0,0,0,0,0,0,0,0.00,0.00,0.00,0.00,0.00,Matches,2010-2011
228,Elliot Grandin,fr FRA,"FW,MF",Blackpool,22,1987,23,21,"1,499",16.7,1,3,1,0,0,0,0,0.06,0.18,0.24,0.06,0.24,Matches,2010-2011
229,Robert Green,eng ENG,GK,West Ham,30,1980,37,37,"3,330",37.0,0,0,0,0,0,0,0,0.00,0.00,0.00,0.00,0.00,Matches,2010-2011
230,Jonathan Greening,eng ENG,MF,Fulham,31,1979,10,6,529,5.9,0,2,0,0,0,2,0,0.00,0.34,0.34,0.00,0.34,Matches,2010-2011
231,Vince Grella,au AUS,MF,Blackburn,30,1979,5,4,309,3.4,0,0,0,0,0,2,0,0.00,0.00,0.00,0.00,0.00,Matches,2010-2011
232,Adlène Guedioura,dz ALG,MF,Wolves,24,1985,10,4,368,4.1,1,1,1,0,0,2,0,0.24,0.24,0.49,0.24,0.49,Matches,2010-2011
234,Magaye Gueye,fr FRA,"FW,MF",Everton,20,1990,5,2,191,2.1,0,1,0,0,0,0,0,0.00,0.47,0.47,0.00,0.47,Matches,2010-2011
235,Danny Guthrie,eng ENG,MF,Newcastle Utd,23,1987,14,11,949,10.5,0,1,0,0,0,3,0,0.00,0.09,0.09,0.00,0.09,Matches,2010-2011
236,Jonás Gutiérrez,ar ARG,MF,Newcastle Utd,27,1983,37,34,"2,973",33.0,3,4,3,0,0,5,0,0.09,0.12,0.21,0.09,0.21,Matches,2010-2011
237,Eiður Guðjohnsen,is ISL,"FW,MF",Fulham,31,1978,10,4,412,4.6,0,1,0,0,0,1,0,0.00,0.22,0.22,0.00,0.22,Matches,2010-2011
238,Eiður Guðjohnsen,is ISL,"FW,MF",Stoke City,31,1978,4,0,69,0.8,0,0,0,0,0,0,0,0.00,0.00,0.00,0.00,0.00,Matches,2010-2011
239,Asamoah Gyan,gh GHA,FW,Sunderland,24,1985,31,20,"2,005",22.3,10,4,10,0,0,0,0,0.45,0.18,0.63,0.45,0.63,Matches,2010-2011
240,Ali Al-Habsi,om OMA,GK,Wigan Athletic,28,1981,34,34,"3,060",34.0,0,1,0,0,0,0,0,0.00,0.03,0.03,0.00,0.03,Matches,2010-2011
241,El Hadji Diouf,sn SEN,"FW,MF",Blackburn,29,1981,20,18,"1,558",17.3,0,3,0,0,0,4,0,0.00,0.17,0.17,0.00,0.17,Matches,2010-2011
242,Marcus Hahnemann,us USA,GK,Wolves,38,1972,14,14,"1,260",14.0,0,0,0,0,0,1,0,0.00,0.00,0.00,0.00,0.00,Matches,2010-2011
243,Greg Halford,eng ENG,"DF,FW",Wolves,25,1984,2,0,24,0.3,0,0,0,0,0,1,0,0.00,0.00,0.00,0.00,0.00,Matches,2010-2011
244,Rafik Halliche,dz ALG,DF,Fulham,23,1986,1,0,16,0.2,0,0,0,0,0,0,0,0.00,0.00,0.00,0.00,0.00,Matches,2010-2011
245,Mark Halstead,eng ENG,GK,Blackpool,19,1990,1,0,25,0.3,0,0,0,0,0,0,0,0.00,0.00,0.00,0.00,0.00,Matches,2010-2011
246,Adam Hammill,eng ENG,"FW,MF",Wolves,22,1988,10,7,536,6.0,0,1,0,0,0,0,0,0.00,0.17,0.17,0.00,0.17,Matches,2010-2011
247,Brede Hangeland,no NOR,DF,Fulham,29,1981,37,37,"3,330",37.0,6,1,6,0,0,6,0,0.16,0.03,0.19,0.16,0.19,Matches,2010-2011
248,Grant Hanley,sct SCO,DF,Blackburn,18,1991,7,5,444,4.9,1,0,1,0,0,1,0,0.20,0.00,0.20,0.20,0.20,Matches,2010-2011
249,Marlon Harewood,eng ENG,FW,Blackpool,30,1979,16,7,661,7.3,5,1,5,0,0,1,0,0.68,0.14,0.82,0.68,0.82,Matches,2010-2011
250,Owen Hargreaves,eng ENG,MF,Manchester Utd,29,1981,1,1,9,0.1,0,0,0,0,0,0,0,0.00,0.00,0.00,0.00,0.00,Matches,2010-2011
251,Steve Harper,eng ENG,GK,Newcastle Utd,35,1975,18,18,"1,564",17.4,0,0,0,0,0,0,0,0.00,0.00,0.00,0.00,0.00,Matches,2010-2011
252,Joe Hart,eng ENG,GK,Manchester City,23,1987,38,38,"3,420",38.0,0,0,0,0,0,1,0,0.00,0.00,0.00,0.00,0.00,Matches,2010-2011
253,John Heitinga,nl NED,"DF,MF",Everton,26,1983,27,23,"1,888",21.0,1,0,1,0,0,9,0,0.05,0.00,0.05,0.05,0.05,Matches,2010-2011
254,Bjørn Helge Riise,no NOR,MF,Fulham,27,1983,3,0,28,0.3,0,0,0,0,0,0,0,0.00,0.00,0.00,0.00,0.00,Matches,2010-2011
255,Jordan Henderson,eng ENG,MF,Sunderland,20,1990,37,37,"3,211",35.7,3,4,3,0,0,2,0,0.08,0.11,0.20,0.08,0.20,Matches,2010-2011
256,Wayne Hennessey,wls WAL,GK,Wolves,23,1987,24,24,"2,160",24.0,0,0,0,0,0,0,0,0.00,0.00,0.00,0.00,0.00,Matches,2010-2011
257,Karl Henry,eng ENG,"DF,MF",Wolves,27,1982,29,28,"2,426",27.0,0,2,0,0,0,8,1,0.00,0.07,0.07,0.00,0.07,Matches,2010-2011
258,Chris Herd,au AUS,"DF,MF",Aston Villa,21,1989,6,1,110,1.2,0,0,0,0,0,0,0,0.00,0.00,0.00,0.00,0.00,Matches,2010-2011
260,Javier Hernández,mx MEX,FW,Manchester Utd,22,1988,27,15,"1,492",16.6,13,1,13,0,0,5,0,0.78,0.06,0.84,0.78,0.84,Matches,2010-2011
261,Emile Heskey,eng ENG,FW,Aston Villa,32,1978,19,11,893,9.9,3,1,3,0,0,3,1,0.30,0.10,0.40,0.30,0.40,Matches,2010-2011
262,Tony Hibbert,eng ENG,DF,Everton,29,1981,20,17,"1,452",16.1,0,0,0,0,0,3,0,0.00,0.00,0.00,0.00,0.00,Matches,2010-2011
263,Danny Higginbotham,gi GIB,DF,Stoke City,31,1978,10,9,843,9.4,2,0,2,0,0,0,0,0.21,0.00,0.21,0.21,0.21,Matches,2010-2011
264,Zavon Hines,eng ENG,"FW,MF",West Ham,21,1988,9,4,406,4.5,0,0,0,0,0,1,0,0.00,0.00,0.00,0.00,0.00,Matches,2010-2011
265,Thomas Hitzlsperger,de GER,MF,West Ham,28,1982,11,11,990,11.0,2,4,2,0,0,1,0,0.18,0.36,0.55,0.18,0.55,Matches,2010-2011
266,Alexander Hleb,by BLR,MF,Birmingham City,29,1981,19,13,"1,089",12.1,1,2,1,0,0,0,0,0.08,0.17,0.25,0.08,0.25,Matches,2010-2011
267,Jonathan Hogg,eng ENG,MF,Aston Villa,21,1988,5,5,394,4.4,0,0,0,0,0,1,0,0.00,0.00,0.00,0.00,0.00,Matches,2010-2011
268,Junior Hoilett,ca CAN,"FW,MF",Blackburn,20,1990,24,17,"1,494",16.6,5,1,5,0,0,2,0,0.30,0.06,0.36,0.30,0.36,Matches,2010-2011
269,Stuart Holden,us USA,MF,Bolton,24,1985,26,26,"2,289",25.4,2,2,2,0,0,2,0,0.08,0.08,0.16,0.08,0.16,Matches,2010-2011
270,Tim Howard,us USA,GK,Everton,31,1979,38,38,"3,420",38.0,0,0,0,0,0,3,0,0.00,0.00,0.00,0.00,0.00,Matches,2010-2011
271,Tom Huddlestone,eng ENG,MF,Tottenham,23,1986,14,13,"1,162",12.9,2,2,2,0,0,3,0,0.15,0.15,0.31,0.15,0.31,Matches,2010-2011
272,Aaron Hughes,nir NIR,DF,Fulham,30,1979,38,38,"3,404",37.8,1,0,1,0,0,0,0,0.03,0.00,0.03,0.03,0.03,Matches,2010-2011
273,Stephen Hunt,ie IRL,"FW,MF",Wolves,28,1981,20,14,"1,340",14.9,3,2,3,0,0,5,0,0.20,0.13,0.34,0.20,0.34,Matches,2010-2011
274,James Hurst,eng ENG,DF,West Brom,18,1992,1,1,90,1.0,0,0,0,0,0,0,0,0.00,0.00,0.00,0.00,0.00,Matches,2010-2011
275,Robert Huth,de GER,DF,Stoke City,25,1984,35,35,"3,110",34.6,6,2,6,0,0,7,0,0.17,0.06,0.23,0.17,0.23,Matches,2010-2011
276,Alan Hutton,sct SCO,DF,Tottenham,25,1984,21,19,"1,706",19.0,2,1,2,0,0,2,0,0.11,0.05,0.16,0.11,0.16,Matches,2010-2011
277,Pablo Ibáñez,es ESP,DF,West Brom,28,1981,10,8,703,7.8,1,0,1,0,0,1,1,0.13,0.00,0.13,0.13,0.13,Matches,2010-2011
278,Hérita Ilunga,cd COD,DF,West Ham,28,1982,11,10,866,9.6,0,0,0,0,0,1,0,0.00,0.00,0.00,0.00,0.00,Matches,2010-2011
279,Stephen Ireland,ie IRL,MF,Newcastle Utd,23,1986,2,0,51,0.6,0,0,0,0,0,0,0,0.00,0.00,0.00,0.00,0.00,Matches,2010-2011
280,Stephen Ireland,ie IRL,MF,Aston Villa,23,1986,10,6,504,5.6,0,0,0,0,0,1,0,0.00,0.00,0.00,0.00,0.00,Matches,2010-2011
281,Branislav Ivanović,rs SRB,DF,Chelsea,26,1984,34,32,"2,827",31.4,4,4,4,0,0,12,0,0.13,0.13,0.25,0.13,0.25,Matches,2010-2011
282,Jussi Jääskeläinen,fi FIN,GK,Bolton,35,1975,35,35,"3,097",34.4,0,0,0,0,0,1,1,0.00,0.00,0.00,0.00,0.00,Matches,2010-2011
283,Lars Jacobsen,dk DEN,DF,West Ham,30,1979,24,22,"1,994",22.2,0,0,0,0,0,0,0,0.00,0.00,0.00,0.00,0.00,Matches,2010-2011
284,Phil Jagielka,eng ENG,"DF,MF",Everton,27,1982,33,31,"2,796",31.1,1,0,1,0,0,3,0,0.03,0.00,0.03,0.03,0.03,Matches,2010-2011
286,Gonzalo Jara,cl CHI,"DF,MF",West Brom,24,1985,29,24,"2,106",23.4,1,0,1,0,0,6,1,0.04,0.00,0.04,0.04,0.04,Matches,2010-2011
287,Matt Jarvis,eng ENG,MF,Wolves,24,1986,37,34,"3,049",33.9,4,6,4,0,0,2,0,0.12,0.18,0.30,0.12,0.30,Matches,2010-2011
288,Jermaine Jenas,eng ENG,MF,Tottenham,27,1983,19,14,"1,322",14.7,0,1,0,0,0,2,0,0.00,0.07,0.07,0.00,0.07,Matches,2010-2011
289,Cameron Jerome,eng ENG,FW,Birmingham City,23,1986,34,30,"2,648",29.4,3,6,3,0,0,2,0,0.10,0.20,0.31,0.10,0.31,Matches,2010-2011
290,Park Ji-sung,kr KOR,MF,Manchester Utd,29,1981,15,13,"1,080",12.0,5,3,5,0,0,1,0,0.42,0.25,0.67,0.42,0.67,Matches,2010-2011
291,Martin Jiránek,cz CZE,DF,Birmingham City,31,1979,10,10,781,8.7,0,1,0,0,0,2,0,0.00,0.12,0.12,0.00,0.12,Matches,2010-2011
292,Jô,br BRA,FW,Manchester City,23,1987,12,3,348,3.9,0,0,0,0,0,0,0,0.00,0.00,0.00,0.00,0.00,Matches,2010-2011
293,Adam Johnson,eng ENG,MF,Manchester City,23,1987,31,15,"1,542",17.1,4,5,4,0,0,2,0,0.23,0.29,0.53,0.23,0.53,Matches,2010-2011
294,Andrew Johnson,eng ENG,FW,Fulham,29,1981,27,15,"1,559",17.3,3,3,3,0,0,3,0,0.17,0.17,0.35,0.17,0.35,Matches,2010-2011
295,Eddie Johnson,us USA,FW,Fulham,26,1984,11,1,225,2.5,0,0,0,0,0,0,0,0.00,0.00,0.00,0.00,0.00,Matches,2010-2011
296,Glen Johnson,eng ENG,DF,Liverpool,25,1984,28,28,"2,437",27.1,2,2,2,0,0,4,0,0.07,0.07,0.15,0.07,0.15,Matches,2010-2011
297,Roger Johnson,eng ENG,DF,Birmingham City,27,1983,38,38,"3,375",37.5,2,1,2,0,0,5,0,0.05,0.03,0.08,0.05,0.08,Matches,2010-2011
298,David Jones,eng ENG,MF,Wolves,25,1984,12,11,951,10.6,1,0,1,0,0,1,0,0.09,0.00,0.09,0.09,0.09,Matches,2010-2011
299,Jermaine Jones,us USA,MF,Blackburn,28,1981,15,15,"1,291",14.3,0,0,0,0,0,8,0,0.00,0.00,0.00,0.00,0.00,Matches,2010-2011
300,Kenwyne Jones,tt TRI,FW,Stoke City,25,1984,34,33,"2,782",30.9,9,0,9,0,0,0,0,0.29,0.00,0.29,0.29,0.29,Matches,2010-2011
301,Phil Jones,eng ENG,"DF,MF",Blackburn,18,1992,26,24,"2,175",24.2,0,0,0,0,0,4,0,0.00,0.00,0.00,0.00,0.00,Matches,2010-2011
302,Nigel de Jong,nl NED,MF,Manchester City,25,1984,32,30,"2,610",29.0,1,1,1,0,0,9,0,0.03,0.03,0.07,0.03,0.07,Matches,2010-2011
303,Milan Jovanović,rs SRB,"FW,MF",Liverpool,29,1981,10,5,460,5.1,0,0,0,0,0,1,0,0.00,0.00,0.00,0.00,0.00,Matches,2010-2011
304,Younès Kaboul,fr FRA,DF,Tottenham,24,1986,21,19,"1,632",18.1,1,1,1,0,0,2,1,0.06,0.06,0.11,0.06,0.11,Matches,2010-2011
305,Gaël Kakuta,cd COD,"FW,MF",Fulham,19,1991,7,2,237,2.6,1,0,1,0,0,0,0,0.38,0.00,0.38,0.38,0.38,Matches,2010-2011
306,Gaël Kakuta,cd COD,"FW,MF",Chelsea,19,1991,5,1,123,1.4,0,0,0,0,0,0,0,0.00,0.00,0.00,0.00,0.00,Matches,2010-2011
307,Nikola Kalinić,hr CRO,FW,Blackburn,22,1988,18,15,"1,061",11.8,5,1,5,0,0,2,1,0.42,0.08,0.51,0.42,0.51,Matches,2010-2011
308,Salomon Kalou,ci CIV,"FW,MF",Chelsea,24,1985,31,16,"1,570",17.4,10,3,10,0,0,1,0,0.57,0.17,0.75,0.57,0.75,Matches,2010-2011
309,Diomansy Kamara,sn SEN,FW,Fulham,29,1980,10,7,535,5.9,2,0,2,0,0,0,0,0.34,0.00,0.34,0.34,0.34,Matches,2010-2011
310,Robbie Keane,ie IRL,FW,Tottenham,30,1980,7,2,226,2.5,0,0,0,0,0,0,0,0.00,0.00,0.00,0.00,0.00,Matches,2010-2011
312,Robbie Keane,ie IRL,FW,West Ham,30,1980,9,5,486,5.4,2,0,2,0,0,0,0,0.37,0.00,0.37,0.37,0.37,Matches,2010-2011
313,Dekel Keinan,il ISR,DF,Blackpool,25,1984,6,3,399,4.4,0,0,0,0,0,2,0,0.00,0.00,0.00,0.00,0.00,Matches,2010-2011
314,Martin Kelly,eng ENG,"DF,MF",Liverpool,20,1990,11,10,860,9.6,0,1,0,0,0,1,0,0.00,0.10,0.10,0.00,0.10,Matches,2010-2011
315,Stephen Kelly,ie IRL,DF,Fulham,26,1983,10,8,729,8.1,0,0,0,0,0,0,0,0.00,0.00,0.00,0.00,0.00,Matches,2010-2011
316,Andy Keogh,ie IRL,"FW,MF",Wolves,24,1986,1,0,39,0.4,0,0,0,0,0,0,0,0.00,0.00,0.00,0.00,0.00,Matches,2010-2011
317,Michael Kightly,eng ENG,"FW,MF",Wolves,24,1986,4,1,162,1.8,0,0,0,0,0,1,0,0.00,0.00,0.00,0.00,0.00,Matches,2010-2011
318,Ledley King,eng ENG,"DF,MF",Tottenham,29,1980,6,6,493,5.5,0,0,0,0,0,0,0,0.00,0.00,0.00,0.00,0.00,Matches,2010-2011
319,Richard Kingson,gh GHA,GK,Blackpool,32,1978,20,19,"1,695",18.8,0,0,0,0,0,0,0,0.00,0.00,0.00,0.00,0.00,Matches,2010-2011
320,Chris Kirkland,eng ENG,GK,Wigan Athletic,29,1981,4,4,331,3.7,0,0,0,0,0,0,0,0.00,0.00,0.00,0.00,0.00,Matches,2010-2011
321,Ivan Klasnić,hr CRO,FW,Bolton,30,1980,22,0,335,3.7,4,1,4,0,0,2,1,1.07,0.27,1.34,1.07,1.34,Matches,2010-2011
322,Zat Knight,eng ENG,DF,Bolton,30,1980,34,34,"2,996",33.3,1,0,1,0,0,6,0,0.03,0.00,0.03,0.03,0.03,Matches,2010-2011
323,Aleksandar Kolarov,rs SRB,DF,Manchester City,24,1985,24,20,"1,720",19.1,1,1,1,0,0,6,1,0.05,0.05,0.10,0.05,0.10,Matches,2010-2011
324,Vincent Kompany,be BEL,DF,Manchester City,24,1986,37,37,"3,330",37.0,0,1,0,0,0,6,0,0.00,0.03,0.03,0.00,0.03,Matches,2010-2011
325,Paul Konchesky,eng ENG,"DF,FW",Fulham,29,1981,1,1,90,1.0,0,0,0,0,0,0,0,0.00,0.00,0.00,0.00,0.00,Matches,2010-2011
326,Paul Konchesky,eng ENG,"DF,FW",Liverpool,29,1981,15,15,"1,246",13.8,0,0,0,0,0,2,0,0.00,0.00,0.00,0.00,0.00,Matches,2010-2011
327,Sergei Kornilenko,by BLR,FW,Blackpool,27,1983,6,3,179,2.0,0,0,0,0,0,1,0,0.00,0.00,0.00,0.00,0.00,Matches,2010-2011
328,Laurent Koscielny,fr FRA,DF,Arsenal,24,1985,30,30,"2,617",29.1,2,0,2,0,0,6,2,0.07,0.00,0.07,0.07,0.07,Matches,2010-2011
329,Radoslav Kováč,cz CZE,"DF,MF",West Ham,30,1979,13,7,634,7.0,0,0,0,0,0,4,0,0.00,0.00,0.00,0.00,0.00,Matches,2010-2011
330,Niko Kranjčar,hr CRO,MF,Tottenham,25,1984,13,2,380,4.2,2,0,2,0,0,1,0,0.47,0.00,0.47,0.47,0.47,Matches,2010-2011
331,Tim Krul,nl NED,GK,Newcastle Utd,22,1988,21,20,"1,856",20.6,0,0,0,0,0,0,0,0.00,0.00,0.00,0.00,0.00,Matches,2010-2011
332,Shefki Kuqi,fi FIN,FW,Newcastle Utd,33,1976,6,0,26,0.3,0,0,0,0,0,0,0,0.00,0.00,0.00,0.00,0.00,Matches,2010-2011
333,Tomasz Kuszczak,pl POL,GK,Manchester Utd,28,1982,5,5,450,5.0,0,0,0,0,0,0,0,0.00,0.00,0.00,0.00,0.00,Matches,2010-2011
334,Dirk Kuyt,nl NED,"DF,FW",Liverpool,30,1980,33,32,"2,815",31.3,13,7,8,5,5,3,0,0.42,0.22,0.64,0.26,0.48,Matches,2010-2011
335,Sotirios Kyrgiakos,gr GRE,DF,Liverpool,31,1979,16,10,"1,083",12.0,2,0,2,0,0,1,0,0.17,0.00,0.17,0.17,0.17,Matches,2010-2011
336,Louis Laing,eng ENG,DF,Sunderland,17,1993,1,0,4,0.0,0,0,0,0,0,0,0,0.00,0.00,0.00,0.00,0.00,Matches,2010-2011
338,Frank Lampard,eng ENG,MF,Chelsea,32,1978,24,23,"2,024",22.5,10,2,6,4,5,2,0,0.44,0.09,0.53,0.27,0.36,Matches,2010-2011
339,Seb Larsson,se SWE,MF,Birmingham City,25,1985,35,31,"2,833",31.5,4,6,3,1,1,5,0,0.13,0.19,0.32,0.10,0.29,Matches,2010-2011
340,Jens Lehmann,de GER,GK,Arsenal,40,1969,1,1,90,1.0,0,0,0,0,0,0,0,0.00,0.00,0.00,0.00,0.00,Matches,2010-2011
341,Lucas Leiva,br BRA,MF,Liverpool,23,1987,33,32,"2,858",31.8,0,1,0,0,0,7,1,0.00,0.03,0.03,0.00,0.03,Matches,2010-2011
342,Aaron Lennon,eng ENG,"FW,MF",Tottenham,23,1987,34,25,"2,361",26.2,3,2,3,0,0,1,0,0.11,0.08,0.19,0.11,0.19,Matches,2010-2011
343,Joleon Lescott,eng ENG,DF,Manchester City,27,1982,22,20,"1,884",20.9,3,1,3,0,0,1,0,0.14,0.05,0.19,0.14,0.19,Matches,2010-2011
344,Eric Lichaj,us USA,DF,Aston Villa,21,1988,5,3,274,3.0,0,0,0,0,0,1,0,0.00,0.00,0.00,0.00,0.00,Matches,2010-2011
345,Amine Linganzi,cg CGO,MF,Blackburn,20,1989,1,0,39,0.4,0,0,0,0,0,0,0,0.00,0.00,0.00,0.00,0.00,Matches,2010-2011
346,Adrián López,es ESP,DF,Wigan Athletic,23,1987,1,1,68,0.8,0,0,0,0,0,0,0,0.00,0.00,0.00,0.00,0.00,Matches,2010-2011
347,Jason Lowe,eng ENG,"DF,MF",Blackburn,18,1991,1,0,67,0.7,0,0,0,0,0,0,0,0.00,0.00,0.00,0.00,0.00,Matches,2010-2011
348,Kazenga LuaLua,cd COD,"FW,MF",Newcastle Utd,19,1990,2,0,49,0.5,0,0,0,0,0,0,0,0.00,0.00,0.00,0.00,0.00,Matches,2010-2011
349,David Luiz,br BRA,"DF,MF",Chelsea,23,1987,12,11,953,10.6,2,0,2,0,0,3,0,0.19,0.00,0.19,0.19,0.19,Matches,2010-2011
350,Craig Lynch,eng ENG,"FW,MF",Sunderland,18,1992,2,0,30,0.3,0,0,0,0,0,0,0,0.00,0.00,0.00,0.00,0.00,Matches,2010-2011
351,Peter Løvenkrands,dk DEN,"FW,MF",Newcastle Utd,30,1980,25,18,"1,451",16.1,6,3,6,0,0,0,0,0.37,0.19,0.56,0.37,0.56,Matches,2010-2011
352,Federico Macheda,it ITA,FW,Manchester Utd,18,1991,7,2,220,2.4,1,0,1,0,0,0,0,0.41,0.00,0.41,0.41,0.41,Matches,2010-2011
353,Jean Makoun,cm CMR,MF,Aston Villa,27,1983,7,7,552,6.1,0,0,0,0,0,3,1,0.00,0.00,0.00,0.00,0.00,Matches,2010-2011
354,Steed Malbranque,fr FRA,MF,Sunderland,30,1980,35,24,"2,166",24.1,0,3,0,0,1,3,0,0.00,0.12,0.12,0.00,0.12,Matches,2010-2011
355,Florent Malouda,fr FRA,"FW,MF",Chelsea,30,1980,38,33,"2,799",31.1,13,4,13,0,0,1,0,0.42,0.13,0.55,0.42,0.55,Matches,2010-2011
356,Michael Mancienne,eng ENG,"DF,MF",Wolves,22,1988,16,13,"1,116",12.4,0,0,0,0,0,1,0,0.00,0.00,0.00,0.00,0.00,Matches,2010-2011
357,Obafemi Martins,ng NGA,FW,Birmingham City,25,1984,4,3,248,2.8,0,0,0,0,0,0,0,0.00,0.00,0.00,0.00,0.00,Matches,2010-2011
358,Javier Mascherano,ar ARG,"DF,MF",Liverpool,26,1984,1,1,77,0.9,0,1,0,0,0,0,0,0.00,1.17,1.17,0.00,1.17,Matches,2010-2011
359,James McArthur,sct SCO,MF,Wigan Athletic,22,1987,18,3,557,6.2,0,0,0,0,0,0,0,0.00,0.00,0.00,0.00,0.00,Matches,2010-2011
360,Benni McCarthy,za RSA,FW,West Ham,32,1977,6,0,81,0.9,0,0,0,0,0,0,0,0.00,0.00,0.00,0.00,0.00,Matches,2010-2011
361,James McCarthy,ie IRL,MF,Wigan Athletic,19,1990,24,24,"1,976",22.0,3,1,3,0,0,2,0,0.14,0.05,0.18,0.14,0.18,Matches,2010-2011
362,Josh McEachran,eng ENG,MF,Chelsea,17,1993,9,1,180,2.0,0,0,0,0,0,1,0,0.00,0.00,0.00,0.00,0.00,Matches,2010-2011
364,James McFadden,sct SCO,"FW,MF",Birmingham City,27,1983,4,3,276,3.1,0,1,0,0,0,0,0,0.00,0.33,0.33,0.00,0.33,Matches,2010-2011
365,Ryan McGivern,nir NIR,DF,Manchester City,20,1990,1,0,21,0.2,0,0,0,0,0,0,0,0.00,0.00,0.00,0.00,0.00,Matches,2010-2011
366,Callum McManaman,eng ENG,"FW,MF",Wigan Athletic,19,1991,3,0,14,0.2,0,0,0,0,0,0,0,0.00,0.00,0.00,0.00,0.00,Matches,2010-2011
367,Raul Meireles,pt POR,MF,Liverpool,27,1983,33,32,"2,523",28.0,5,5,5,0,0,5,0,0.18,0.18,0.36,0.18,0.36,Matches,2010-2011
368,Abdoulaye Méïté,ci CIV,DF,West Brom,29,1980,10,10,855,9.5,0,0,0,0,0,2,0,0.00,0.00,0.00,0.00,0.00,Matches,2010-2011
369,John Mensah,gh GHA,DF,Sunderland,27,1982,18,15,"1,193",13.3,0,1,0,0,0,4,1,0.00,0.08,0.08,0.00,0.08,Matches,2010-2011
370,David Meyler,ie IRL,MF,Sunderland,21,1989,5,4,259,2.9,0,0,0,0,0,2,0,0.00,0.00,0.00,0.00,0.00,Matches,2010-2011
371,Simon Mignolet,be BEL,GK,Sunderland,22,1988,23,23,"2,070",23.0,0,0,0,0,0,1,0,0.00,0.00,0.00,0.00,0.00,Matches,2010-2011
372,Nenad Milijaš,rs SRB,MF,Wolves,27,1983,23,20,"1,713",19.0,2,3,2,0,0,1,0,0.11,0.16,0.26,0.11,0.26,Matches,2010-2011
373,Ishmael Miller,eng ENG,FW,West Brom,23,1987,6,0,103,1.1,0,0,0,0,0,0,0,0.00,0.00,0.00,0.00,0.00,Matches,2010-2011
374,James Milner,eng ENG,"DF,MF",Manchester City,24,1986,32,23,"2,050",22.8,0,6,0,0,0,4,0,0.00,0.26,0.26,0.00,0.26,Matches,2010-2011
375,James Milner,eng ENG,"DF,MF",Aston Villa,24,1986,1,1,84,0.9,1,0,1,0,0,0,0,1.07,0.00,1.07,1.07,1.07,Matches,2010-2011
376,Luka Modrić,hr CRO,MF,Tottenham,24,1985,32,32,"2,793",31.0,3,2,2,1,1,3,0,0.10,0.06,0.16,0.06,0.13,Matches,2010-2011
377,Josh Morris,eng ENG,"DF,FW",Blackburn,18,1991,4,0,87,1.0,0,1,0,0,0,0,0,0.00,1.03,1.03,0.00,1.03,Matches,2010-2011
378,James Morrison,sct SCO,"FW,MF",West Brom,24,1986,31,26,"2,269",25.2,4,3,4,0,0,2,1,0.16,0.12,0.28,0.16,0.28,Matches,2010-2011
379,Victor Moses,ng NGA,"DF,FW",Wigan Athletic,19,1990,21,8,815,9.1,1,3,1,0,0,1,0,0.11,0.33,0.44,0.11,0.44,Matches,2010-2011
380,Steven Mouyokolo,cg CGO,DF,Wolves,23,1987,4,2,159,1.8,0,0,0,0,0,0,0,0.00,0.00,0.00,0.00,0.00,Matches,2010-2011
381,Fabrice Muamba,eng ENG,MF,Bolton,22,1988,36,32,"2,581",28.7,1,0,1,0,0,6,0,0.03,0.00,0.03,0.03,0.03,Matches,2010-2011
382,Geoffrey Mujangi Bia,be BEL,MF,Wolves,20,1989,1,0,12,0.1,0,1,0,0,0,0,0,0.00,7.50,7.50,0.00,7.50,Matches,2010-2011
383,Youssouf Mulumbu,cd COD,MF,West Brom,23,1987,34,34,"2,851",31.7,6,1,6,0,0,7,2,0.19,0.03,0.22,0.19,0.22,Matches,2010-2011
384,Sulley Muntari,gh GHA,MF,Sunderland,25,1984,9,7,534,5.9,0,2,0,0,0,2,0,0.00,0.34,0.34,0.00,0.34,Matches,2010-2011
385,Danny Murphy,eng ENG,MF,Fulham,33,1977,37,37,"3,111",34.6,0,4,0,0,0,8,0,0.00,0.12,0.12,0.00,0.12,Matches,2010-2011
386,David Murphy,eng ENG,DF,Birmingham City,26,1984,10,3,431,4.8,0,1,0,0,0,2,0,0.00,0.21,0.21,0.00,0.21,Matches,2010-2011
387,Jordon Mutch,eng ENG,MF,Birmingham City,18,1991,3,3,243,2.7,0,1,0,0,0,1,0,0.00,0.37,0.37,0.00,0.37,Matches,2010-2011
388,Benjani Mwaruwari,zw ZIM,FW,Blackburn,31,1978,18,6,662,7.4,3,0,3,0,0,0,0,0.41,0.00,0.41,0.41,0.41,Matches,2010-2011
390,Boaz Myhill,wls WAL,GK,West Brom,27,1982,6,6,540,6.0,0,0,0,0,0,0,0,0.00,0.00,0.00,0.00,0.00,Matches,2010-2011
391,David N'Gog,fr FRA,FW,Liverpool,21,1989,25,9,"1,065",11.8,2,1,2,0,0,1,0,0.17,0.08,0.25,0.17,0.25,Matches,2010-2011
392,Charles N'Zogbia,fr FRA,"DF,FW",Wigan Athletic,24,1986,34,32,"2,784",30.9,9,5,9,0,0,2,1,0.29,0.16,0.45,0.29,0.45,Matches,2010-2011
393,Nani,pt POR,"FW,MF",Manchester Utd,23,1986,33,31,"2,659",29.5,9,14,9,0,1,1,0,0.30,0.47,0.78,0.30,0.78,Matches,2010-2011
394,Samir Nasri,fr FRA,"FW,MF",Arsenal,23,1987,30,28,"2,383",26.5,10,1,9,1,1,4,0,0.38,0.04,0.42,0.34,0.38,Matches,2010-2011
395,Ryan Nelsen,nz NZL,DF,Blackburn,32,1977,28,28,"2,413",26.8,3,3,3,0,0,4,1,0.11,0.11,0.22,0.11,0.22,Matches,2010-2011
396,Gary Neville,eng ENG,DF,Manchester Utd,35,1975,3,3,205,2.3,0,0,0,0,0,1,0,0.00,0.00,0.00,0.00,0.00,Matches,2010-2011
397,Phil Neville,eng ENG,"DF,MF",Everton,33,1977,31,31,"2,657",29.5,1,1,1,0,0,5,0,0.03,0.03,0.07,0.03,0.07,Matches,2010-2011
398,Mark Noble,eng ENG,MF,West Ham,23,1987,26,25,"2,140",23.8,4,3,0,4,4,7,0,0.17,0.13,0.29,0.00,0.13,Matches,2010-2011
399,Ryan Noble,eng ENG,FW,Sunderland,19,1991,3,0,66,0.7,0,0,0,0,0,0,0,0.00,0.00,0.00,0.00,0.00,Matches,2010-2011
400,Kevin Nolan,eng ENG,MF,Newcastle Utd,28,1982,30,30,"2,651",29.5,12,1,11,1,1,10,0,0.41,0.03,0.44,0.37,0.41,Matches,2010-2011
401,Frank Nouble,eng ENG,"FW,MF",West Ham,18,1991,2,0,4,0.0,0,0,0,0,0,0,0,0.00,0.00,0.00,0.00,0.00,Matches,2010-2011
402,Steven Nzonzi,fr FRA,MF,Blackburn,21,1988,21,13,"1,275",14.2,1,1,1,0,0,4,1,0.07,0.07,0.14,0.07,0.14,Matches,2010-2011
403,Andy O'Brien,ie IRL,DF,Bolton,31,1979,2,1,42,0.5,0,0,0,0,0,0,0,0.00,0.00,0.00,0.00,0.00,Matches,2010-2011
404,Garry O'Connor,sct SCO,FW,Birmingham City,27,1983,3,2,149,1.7,0,0,0,0,0,0,0,0.00,0.00,0.00,0.00,0.00,Matches,2010-2011
405,Jamie O'Hara,eng ENG,MF,Wolves,23,1986,14,13,"1,115",12.4,3,1,3,0,0,3,0,0.24,0.08,0.32,0.24,0.32,Matches,2010-2011
406,Gary O'Neil,eng ENG,MF,West Ham,27,1983,8,7,589,6.5,0,1,0,0,0,0,0,0.00,0.15,0.15,0.00,0.15,Matches,2010-2011
407,John O'Shea,ie IRL,"DF,MF",Manchester Utd,29,1981,20,18,"1,541",17.1,0,3,0,0,0,1,0,0.00,0.18,0.18,0.00,0.18,Matches,2010-2011
408,Gabriel Obertan,fr FRA,"FW,MF",Manchester Utd,21,1989,7,3,284,3.2,0,0,0,0,0,0,0,0.00,0.00,0.00,0.00,0.00,Matches,2010-2011
409,John Obi Mikel,ng NGA,MF,Chelsea,23,1987,28,28,"2,204",24.5,0,1,0,0,0,3,0,0.00,0.04,0.04,0.00,0.04,Matches,2010-2011
410,Victor Obinna,ng NGA,FW,West Ham,23,1987,25,17,"1,575",17.5,3,3,3,0,0,3,0,0.17,0.17,0.34,0.17,0.34,Matches,2010-2011
411,Peter Odemwingie,ng NGA,FW,West Brom,29,1981,32,29,"2,678",29.8,15,7,13,2,3,3,0,0.50,0.24,0.74,0.44,0.67,Matches,2010-2011
412,Jonas Olsson,se SWE,DF,West Brom,27,1983,24,24,"2,123",23.6,1,3,1,0,0,1,0,0.04,0.13,0.17,0.04,0.17,Matches,2010-2011
413,Martin Olsson,se SWE,"DF,MF",Blackburn,22,1988,29,25,"2,373",26.4,2,1,2,0,0,3,0,0.08,0.04,0.11,0.08,0.11,Matches,2010-2011
414,Nedum Onuoha,eng ENG,DF,Sunderland,23,1986,31,31,"2,662",29.6,1,1,1,0,0,1,0,0.03,0.03,0.07,0.03,0.07,Matches,2010-2011
416,Brett Ormerod,eng ENG,FW,Blackpool,33,1976,19,6,716,8.0,1,2,1,0,0,0,0,0.13,0.25,0.38,0.13,0.38,Matches,2010-2011
417,Leon Osman,eng ENG,MF,Everton,29,1981,26,20,"1,811",20.1,4,5,4,0,0,4,0,0.20,0.25,0.45,0.20,0.45,Matches,2010-2011
418,Michael Owen,eng ENG,FW,Manchester Utd,30,1979,11,1,238,2.6,2,0,2,0,0,1,0,0.76,0.00,0.76,0.76,0.76,Matches,2010-2011
419,Daniel Pacheco,es ESP,"FW,MF",Liverpool,19,1991,1,0,6,0.1,0,0,0,0,0,0,0,0.00,0.00,0.00,0.00,0.00,Matches,2010-2011
420,John Paintsil,gh GHA,"DF,MF",Fulham,29,1981,16,15,"1,343",14.9,0,0,0,0,0,6,0,0.00,0.00,0.00,0.00,0.00,Matches,2010-2011
421,Wilson Palacios,hn HON,MF,Tottenham,26,1984,21,16,"1,226",13.6,0,0,0,0,0,5,0,0.00,0.00,0.00,0.00,0.00,Matches,2010-2011
422,Scott Parker,eng ENG,MF,West Ham,29,1980,32,30,"2,738",30.4,5,2,5,0,0,8,0,0.16,0.07,0.23,0.16,0.23,Matches,2010-2011
423,Stuart Parnaby,eng ENG,DF,Birmingham City,28,1982,5,5,403,4.5,0,0,0,0,0,1,0,0.00,0.00,0.00,0.00,0.00,Matches,2010-2011
424,Roman Pavlyuchenko,ru RUS,FW,Tottenham,28,1981,29,18,"1,589",17.7,10,4,10,0,0,3,0,0.57,0.23,0.79,0.57,0.79,Matches,2010-2011
425,Jermaine Pennant,eng ENG,MF,Stoke City,27,1983,29,26,"2,013",22.4,3,8,3,0,0,3,0,0.13,0.36,0.49,0.13,0.49,Matches,2010-2011
426,James Perch,eng ENG,"DF,MF",Newcastle Utd,24,1985,13,9,877,9.7,0,0,0,0,0,6,0,0.00,0.00,0.00,0.00,0.00,Matches,2010-2011
427,Robin van Persie,nl NED,FW,Arsenal,26,1983,25,19,"1,770",19.7,18,7,16,2,3,4,0,0.92,0.36,1.27,0.81,1.17,Matches,2010-2011
428,Martin Petrov,bg BUL,"FW,MF",Bolton,31,1979,28,18,"1,463",16.3,3,5,3,0,0,0,0,0.18,0.31,0.49,0.18,0.49,Matches,2010-2011
429,Stiliyan Petrov,bg BUL,MF,Aston Villa,31,1979,27,23,"2,065",22.9,1,2,1,0,0,5,0,0.04,0.09,0.13,0.04,0.13,Matches,2010-2011
430,Kevin Phillips,eng ENG,FW,Birmingham City,37,1973,14,5,493,5.5,1,0,1,0,0,0,0,0.18,0.00,0.18,0.18,0.18,Matches,2010-2011
431,Matt Phillips,sct SCO,"FW,MF",Blackpool,19,1991,27,6,"1,050",11.7,1,4,1,0,0,0,0,0.09,0.34,0.43,0.09,0.43,Matches,2010-2011
432,Steven Pienaar,za RSA,MF,Tottenham,28,1982,8,5,491,5.5,0,1,0,0,0,1,0,0.00,0.18,0.18,0.00,0.18,Matches,2010-2011
433,Steven Pienaar,za RSA,MF,Everton,28,1982,18,18,"1,569",17.4,1,0,1,0,0,2,0,0.06,0.00,0.06,0.06,0.06,Matches,2010-2011
434,Frédéric Piquionne,fr FRA,FW,West Ham,31,1978,34,26,"2,246",25.0,6,3,5,1,1,2,1,0.24,0.12,0.36,0.20,0.32,Matches,2010-2011
435,Robert Pirès,fr FRA,"FW,MF",Aston Villa,36,1973,9,2,254,2.8,0,0,0,0,0,0,0,0.00,0.00,0.00,0.00,0.00,Matches,2010-2011
436,Mike Pollitt,eng ENG,GK,Wigan Athletic,38,1972,1,0,29,0.3,0,0,0,0,0,0,0,0.00,0.00,0.00,0.00,0.00,Matches,2010-2011
437,Christian Poulsen,dk DEN,MF,Liverpool,30,1980,12,9,742,8.2,0,0,0,0,0,1,0,0.00,0.00,0.00,0.00,0.00,Matches,2010-2011
438,Danny Pugh,eng ENG,"DF,MF",Stoke City,27,1982,10,5,528,5.9,0,0,0,0,0,1,0,0.00,0.00,0.00,0.00,0.00,Matches,2010-2011
439,Jason Puncheon,eng ENG,MF,Blackpool,24,1986,11,6,647,7.2,3,0,3,0,0,0,0,0.42,0.00,0.42,0.42,0.42,Matches,2010-2011
440,Paul Rachubka,eng ENG,GK,Blackpool,29,1981,2,1,125,1.4,0,0,0,0,0,0,0,0.00,0.00,0.00,0.00,0.00,Matches,2010-2011
442,Rafael,br BRA,"DF,MF",Manchester Utd,20,1990,16,15,"1,198",13.3,0,1,0,0,0,3,1,0.00,0.08,0.08,0.00,0.08,Matches,2010-2011
443,Ramires,br BRA,MF,Chelsea,23,1987,29,22,"1,933",21.5,2,0,2,0,0,7,0,0.09,0.00,0.09,0.09,0.09,Matches,2010-2011
444,Aaron Ramsey,wls WAL,MF,Arsenal,19,1990,7,5,354,3.9,1,0,1,0,0,1,0,0.25,0.00,0.25,0.25,0.25,Matches,2010-2011
445,Nile Ranger,eng ENG,FW,Newcastle Utd,19,1991,24,1,588,6.5,0,1,0,0,0,2,0,0.00,0.15,0.15,0.00,0.15,Matches,2010-2011
446,Abdul Razak,ci CIV,MF,Manchester City,17,1992,1,0,1,0.0,0,0,0,0,0,0,0,0.00,0.00,0.00,0.00,0.00,Matches,2010-2011
447,Andy Reid,ie IRL,MF,Blackpool,28,1982,5,2,190,2.1,0,0,0,0,0,0,0,0.00,0.00,0.00,0.00,0.00,Matches,2010-2011
448,Andy Reid,ie IRL,MF,Sunderland,28,1982,2,0,14,0.2,0,0,0,0,0,0,0,0.00,0.00,0.00,0.00,0.00,Matches,2010-2011
449,Steven Reid,ie IRL,"DF,MF",West Brom,29,1981,23,13,"1,287",14.3,1,5,1,0,0,3,0,0.07,0.35,0.42,0.07,0.42,Matches,2010-2011
450,Winston Reid,nz NZL,DF,West Ham,22,1988,7,3,407,4.5,0,0,0,0,0,0,0,0.00,0.00,0.00,0.00,0.00,Matches,2010-2011
451,Pepe Reina,es ESP,GK,Liverpool,27,1982,38,38,"3,420",38.0,0,0,0,0,0,4,0,0.00,0.00,0.00,0.00,0.00,Matches,2010-2011
452,Nigel Reo-Coker,eng ENG,MF,Aston Villa,26,1984,30,24,"2,071",23.0,0,0,0,0,0,5,0,0.00,0.00,0.00,0.00,0.00,Matches,2010-2011
453,Micah Richards,eng ENG,DF,Manchester City,22,1988,18,16,"1,399",15.5,1,1,1,0,0,4,0,0.06,0.06,0.13,0.06,0.13,Matches,2010-2011
454,Kieran Richardson,eng ENG,"DF,MF",Sunderland,25,1984,26,23,"2,039",22.7,4,3,4,0,0,9,0,0.18,0.13,0.31,0.18,0.31,Matches,2010-2011
455,Sam Ricketts,wls WAL,DF,Bolton,28,1981,17,14,"1,392",15.5,0,0,0,0,0,2,0,0.00,0.00,0.00,0.00,0.00,Matches,2010-2011
456,Liam Ridgewell,eng ENG,DF,Birmingham City,26,1984,36,36,"3,174",35.3,4,0,4,0,0,6,1,0.11,0.00,0.11,0.11,0.11,Matches,2010-2011
457,Cristian Riveros,py PAR,MF,Sunderland,27,1982,12,5,503,5.6,1,0,1,0,0,1,0,0.18,0.00,0.18,0.18,0.18,Matches,2010-2011
458,Jason Roberts,gd GRN,FW,Blackburn,32,1978,25,13,"1,490",16.6,5,4,5,0,0,2,0,0.30,0.24,0.54,0.30,0.54,Matches,2010-2011
459,Jack Robinson,eng ENG,DF,Liverpool,16,1993,2,1,147,1.6,0,0,0,0,0,1,0,0.00,0.00,0.00,0.00,0.00,Matches,2010-2011
460,Paul Robinson,eng ENG,GK,Blackburn,30,1979,36,36,"3,195",35.5,0,1,0,0,0,0,0,0.00,0.03,0.03,0.00,0.03,Matches,2010-2011
461,Paul Robinson,eng ENG,DF,Bolton,31,1978,35,35,"3,150",35.0,0,1,0,0,0,7,0,0.00,0.03,0.03,0.00,0.03,Matches,2010-2011
462,Rubén Rochina,es ESP,"FW,MF",Blackburn,19,1991,4,1,118,1.3,0,0,0,0,0,1,0,0.00,0.00,0.00,0.00,0.00,Matches,2010-2011
463,Hugo Rodallega,co COL,FW,Wigan Athletic,25,1985,36,34,"3,025",33.6,9,1,9,0,0,4,1,0.27,0.03,0.30,0.27,0.30,Matches,2010-2011
464,Rodrigo,es ESP,"FW,MF",Bolton,19,1991,17,4,503,5.6,1,1,1,0,0,0,0,0.18,0.18,0.36,0.18,0.36,Matches,2010-2011
465,Maxi Rodríguez,ar ARG,"FW,MF",Liverpool,29,1981,28,24,"2,034",22.6,10,0,10,0,0,2,0,0.44,0.00,0.44,0.44,0.44,Matches,2010-2011
466,Jack Rodwell,eng ENG,"DF,MF",Everton,19,1991,24,14,"1,420",15.8,0,1,0,0,0,5,0,0.00,0.06,0.06,0.00,0.06,Matches,2010-2011
468,Wayne Rooney,eng ENG,"FW,MF",Manchester Utd,24,1985,28,25,"2,225",24.7,11,11,8,3,4,5,0,0.44,0.44,0.89,0.32,0.77,Matches,2010-2011
469,Danny Rose,eng ENG,"DF,MF",Tottenham,20,1990,4,4,350,3.9,0,1,0,0,0,0,0,0.00,0.26,0.26,0.00,0.26,Matches,2010-2011
470,Tomáš Rosický,cz CZE,MF,Arsenal,29,1980,21,8,938,10.4,0,1,0,0,1,3,0,0.00,0.10,0.10,0.00,0.10,Matches,2010-2011
471,Wayne Routledge,eng ENG,"FW,MF",Newcastle Utd,25,1985,17,10,996,11.1,0,1,0,0,0,0,0,0.00,0.09,0.09,0.00,0.09,Matches,2010-2011
472,Bacary Sagna,fr FRA,DF,Arsenal,27,1983,33,33,"2,970",33.0,1,3,1,0,0,3,1,0.03,0.09,0.12,0.03,0.12,Matches,2010-2011
473,Louis Saha,fr FRA,FW,Everton,31,1978,22,14,"1,366",15.2,7,1,7,0,0,0,0,0.46,0.07,0.53,0.46,0.53,Matches,2010-2011
474,Carlos Salcido,mx MEX,"DF,MF",Fulham,30,1980,23,22,"1,901",21.1,0,2,0,0,0,3,0,0.00,0.09,0.09,0.00,0.09,Matches,2010-2011
475,Míchel Salgado,es ESP,DF,Blackburn,34,1975,36,36,"3,026",33.6,0,2,0,0,0,9,0,0.00,0.06,0.06,0.00,0.06,Matches,2010-2011
476,Christopher Samba,cg CGO,DF,Blackburn,26,1984,33,33,"2,877",32.0,4,0,4,0,0,3,1,0.13,0.00,0.13,0.13,0.13,Matches,2010-2011
477,Conor Sammon,ie IRL,FW,Wigan Athletic,23,1986,7,1,214,2.4,1,0,1,0,0,0,0,0.42,0.00,0.42,0.42,0.42,Matches,2010-2011
478,Sandro,br BRA,MF,Tottenham,21,1989,19,11,"1,079",12.0,1,0,1,0,0,4,0,0.08,0.00,0.08,0.08,0.08,Matches,2010-2011
479,Tuncay Şanlı,tr TUR,"FW,MF",Stoke City,28,1982,14,5,718,8.0,1,2,1,0,0,0,0,0.13,0.25,0.38,0.13,0.38,Matches,2010-2011
480,Roque Santa Cruz,py PAR,FW,Blackburn,28,1981,9,7,540,6.0,0,0,0,0,0,0,0,0.00,0.00,0.00,0.00,0.00,Matches,2010-2011
481,Roque Santa Cruz,py PAR,FW,Manchester City,28,1981,1,0,25,0.3,0,0,0,0,0,0,0,0.00,0.00,0.00,0.00,0.00,Matches,2010-2011
482,Paul Scharner,at AUT,"DF,MF",West Brom,30,1980,33,33,"2,740",30.4,4,1,4,0,0,7,1,0.13,0.03,0.16,0.13,0.16,Matches,2010-2011
483,Paul Scholes,eng ENG,MF,Manchester Utd,35,1974,22,16,"1,537",17.1,1,3,1,0,0,9,0,0.06,0.18,0.23,0.06,0.23,Matches,2010-2011
484,Mark Schwarzer,au AUS,GK,Fulham,37,1972,31,31,"2,790",31.0,0,0,0,0,0,0,0,0.00,0.00,0.00,0.00,0.00,Matches,2010-2011
485,Freddie Sears,eng ENG,"FW,MF",West Ham,20,1989,11,9,759,8.4,1,0,1,0,0,0,0,0.12,0.00,0.12,0.12,0.12,Matches,2010-2011
486,Philippe Senderos,ch SUI,DF,Fulham,25,1985,3,3,270,3.0,0,0,0,0,0,0,0,0.00,0.00,0.00,0.00,0.00,Matches,2010-2011
487,Stéphane Sessègnon,bj BEN,"FW,MF",Sunderland,26,1984,14,13,"1,183",13.1,3,3,2,1,1,2,0,0.23,0.23,0.46,0.15,0.38,Matches,2010-2011
488,Ryan Shawcross,eng ENG,DF,Stoke City,22,1987,36,36,"3,198",35.5,1,0,1,0,0,8,2,0.03,0.00,0.03,0.03,0.03,Matches,2010-2011
489,Jonjo Shelvey,eng ENG,MF,Liverpool,18,1992,15,0,340,3.8,0,1,0,0,0,1,0,0.00,0.26,0.26,0.00,0.26,Matches,2010-2011
490,Nicky Shorey,eng ENG,"DF,MF",West Brom,29,1981,28,25,"2,314",25.7,0,1,0,0,0,1,0,0.00,0.04,0.04,0.00,0.04,Matches,2010-2011
491,Ryan Shotton,eng ENG,"DF,FW",Stoke City,21,1988,2,0,52,0.6,0,0,0,0,0,0,0,0.00,0.00,0.00,0.00,0.00,Matches,2010-2011
492,Mamady Sidibé,ml MLI,FW,Stoke City,30,1979,2,0,40,0.4,0,0,0,0,0,0,0,0.00,0.00,0.00,0.00,0.00,Matches,2010-2011
494,Steve Sidwell,eng ENG,MF,Fulham,27,1982,12,10,943,10.5,2,1,2,0,0,3,0,0.19,0.10,0.29,0.19,0.29,Matches,2010-2011
495,Steve Sidwell,eng ENG,MF,Aston Villa,27,1982,4,1,120,1.3,0,0,0,0,0,1,0,0.00,0.00,0.00,0.00,0.00,Matches,2010-2011
496,David Silva,es ESP,"FW,MF",Manchester City,24,1986,35,30,"2,550",28.3,4,7,4,0,0,2,0,0.14,0.25,0.39,0.14,0.39,Matches,2010-2011
497,Paulo da Silva,py PAR,DF,Sunderland,30,1980,1,1,90,1.0,0,0,0,0,0,1,0,0.00,0.00,0.00,0.00,0.00,Matches,2010-2011
498,Danny Simpson,eng ENG,DF,Newcastle Utd,23,1987,30,30,"2,685",29.8,0,0,0,0,0,4,0,0.00,0.00,0.00,0.00,0.00,Matches,2010-2011
499,Martin Škrtel,sk SVK,DF,Liverpool,25,1984,38,38,"3,420",38.0,2,1,2,0,0,8,0,0.05,0.03,0.08,0.05,0.08,Matches,2010-2011
500,Chris Smalling,eng ENG,DF,Manchester Utd,20,1989,16,11,"1,086",12.1,0,0,0,0,0,0,0,0.00,0.00,0.00,0.00,0.00,Matches,2010-2011
501,Alan Smith,eng ENG,"FW,MF",Newcastle Utd,29,1980,11,7,580,6.4,0,0,0,0,0,3,0,0.00,0.00,0.00,0.00,0.00,Matches,2010-2011
502,Alex Song,cm CMR,"DF,MF",Arsenal,22,1987,31,30,"2,593",28.8,4,2,4,0,0,8,1,0.14,0.07,0.21,0.14,0.21,Matches,2010-2011
503,Keith Southern,eng ENG,MF,Blackpool,29,1981,21,11,"1,093",12.1,0,0,0,0,0,2,0,0.00,0.00,0.00,0.00,0.00,Matches,2010-2011
504,Jay Spearing,eng ENG,MF,Liverpool,21,1988,11,10,796,8.8,0,0,0,0,0,0,0,0.00,0.00,0.00,0.00,0.00,Matches,2010-2011
505,Jonathan Spector,us USA,"DF,MF",West Ham,24,1986,14,10,929,10.3,1,0,1,0,0,2,0,0.10,0.00,0.10,0.10,0.10,Matches,2010-2011
506,Jordan Spence,eng ENG,DF,West Ham,20,1990,2,2,180,2.0,0,0,0,0,0,0,0,0.00,0.00,0.00,0.00,0.00,Matches,2010-2011
507,Sébastien Squillaci,fr FRA,DF,Arsenal,29,1980,22,20,"1,820",20.2,1,0,1,0,0,1,0,0.05,0.00,0.05,0.05,0.05,Matches,2010-2011
508,Ronnie Stam,nl NED,"DF,MF",Wigan Athletic,26,1984,25,17,"1,577",17.5,1,0,1,0,0,2,0,0.06,0.00,0.06,0.06,0.06,Matches,2010-2011
509,Junior Stanislas,eng ENG,MF,West Ham,20,1989,6,4,348,3.9,1,0,1,0,0,0,0,0.26,0.00,0.26,0.26,0.26,Matches,2010-2011
510,Richard Stearman,eng ENG,DF,Wolves,22,1987,31,27,"2,501",27.8,0,0,0,0,0,7,0,0.00,0.00,0.00,0.00,0.00,Matches,2010-2011
511,Grétar Steinsson,is ISL,DF,Bolton,28,1982,23,23,"1,987",22.1,1,0,1,0,0,6,0,0.05,0.00,0.05,0.05,0.05,Matches,2010-2011
512,David Stockdale,eng ENG,GK,Fulham,24,1985,7,7,630,7.0,0,0,0,0,0,0,0,0.00,0.00,0.00,0.00,0.00,Matches,2010-2011
513,Daniel Sturridge,eng ENG,"FW,MF",Bolton,20,1989,12,11,972,10.8,8,0,8,0,0,0,1,0.74,0.00,0.74,0.74,0.74,Matches,2010-2011
514,Daniel Sturridge,eng ENG,"FW,MF",Chelsea,20,1989,13,0,160,1.8,0,0,0,0,0,0,0,0.00,0.00,0.00,0.00,0.00,Matches,2010-2011
515,Luis Suárez,uy URU,FW,Liverpool,23,1987,13,12,"1,100",12.2,4,3,4,0,0,2,0,0.33,0.25,0.57,0.33,0.57,Matches,2010-2011
516,Ludovic Sylvestre,gp GLP,MF,Blackpool,26,1984,8,6,427,4.7,0,1,0,0,0,0,0,0.00,0.21,0.21,0.00,0.21,Matches,2010-2011
517,Wojciech Szczęsny,pl POL,GK,Arsenal,20,1990,15,15,"1,350",15.0,0,0,0,0,0,1,0,0.00,0.00,0.00,0.00,0.00,Matches,2010-2011
518,Thomas Sørensen,dk DEN,GK,Stoke City,34,1976,10,10,900,10.0,0,0,0,0,0,0,0,0.00,0.00,0.00,0.00,0.00,Matches,2010-2011
520,Gabriel Tamaș,ro ROU,DF,West Brom,26,1983,26,22,"2,041",22.7,0,0,0,0,0,4,1,0.00,0.00,0.00,0.00,0.00,Matches,2010-2011
521,Matthew Taylor,eng ENG,"DF,MF",Bolton,28,1981,36,22,"1,948",21.6,2,3,2,0,0,4,1,0.09,0.14,0.23,0.09,0.23,Matches,2010-2011
522,Ryan Taylor,eng ENG,"DF,MF",Newcastle Utd,25,1984,5,3,277,3.1,0,1,0,0,0,0,1,0.00,0.32,0.32,0.00,0.32,Matches,2010-2011
523,Steven Taylor,eng ENG,DF,Newcastle Utd,24,1986,14,12,"1,008",11.2,3,1,3,0,0,2,0,0.27,0.09,0.36,0.27,0.36,Matches,2010-2011
524,Gary Taylor-Fletcher,eng ENG,"FW,MF",Blackpool,29,1981,31,29,"2,445",27.2,6,4,6,0,0,4,0,0.22,0.15,0.37,0.22,0.37,Matches,2010-2011
525,Somen Tchoyi,cm CMR,MF,West Brom,27,1983,23,7,830,9.2,6,1,6,0,0,0,0,0.65,0.11,0.76,0.65,0.76,Matches,2010-2011
526,John Terry,eng ENG,DF,Chelsea,29,1980,33,33,"2,961",32.9,3,1,3,0,0,6,0,0.09,0.03,0.12,0.09,0.12,Matches,2010-2011
527,Carlos Tevez,ar ARG,"FW,MF",Manchester City,26,1984,31,30,"2,511",27.9,20,6,15,5,6,6,0,0.72,0.22,0.93,0.54,0.75,Matches,2010-2011
528,Hendry Thomas,hn HON,MF,Wigan Athletic,25,1985,24,22,"1,880",20.9,0,0,0,0,0,6,0,0.00,0.00,0.00,0.00,0.00,Matches,2010-2011
529,Jerome Thomas,eng ENG,"FW,MF",West Brom,27,1983,33,32,"2,568",28.5,3,5,3,0,0,4,0,0.11,0.18,0.28,0.11,0.28,Matches,2010-2011
530,George Thorne,eng ENG,MF,West Brom,17,1993,1,0,31,0.3,0,0,0,0,0,0,0,0.00,0.00,0.00,0.00,0.00,Matches,2010-2011
531,Cheick Tioté,ci CIV,MF,Newcastle Utd,24,1986,26,26,"2,308",25.6,1,1,1,0,0,14,0,0.04,0.04,0.08,0.04,0.08,Matches,2010-2011
532,James Tomkins,eng ENG,"DF,MF",West Ham,21,1989,19,18,"1,579",17.5,1,1,1,0,0,2,0,0.06,0.06,0.11,0.06,0.11,Matches,2010-2011
533,Michael Tonge,eng ENG,MF,Stoke City,27,1983,2,0,27,0.3,0,0,0,0,0,0,0,0.00,0.00,0.00,0.00,0.00,Matches,2010-2011
534,Fernando Torres,es ESP,FW,Liverpool,26,1984,23,22,"1,891",21.0,9,3,9,0,0,6,0,0.43,0.14,0.57,0.43,0.57,Matches,2010-2011
535,Fernando Torres,es ESP,FW,Chelsea,26,1984,14,8,765,8.5,1,2,1,0,0,1,0,0.12,0.24,0.35,0.12,0.35,Matches,2010-2011
536,Kolo Touré,ci CIV,DF,Manchester City,29,1981,22,21,"1,846",20.5,1,0,1,0,0,3,1,0.05,0.00,0.05,0.05,0.05,Matches,2010-2011
537,Yaya Touré,ci CIV,MF,Manchester City,27,1983,35,35,"2,965",32.9,6,4,6,0,0,3,0,0.18,0.12,0.30,0.18,0.30,Matches,2010-2011
538,Michael Turner,eng ENG,DF,Sunderland,26,1983,15,15,"1,305",14.5,0,0,0,0,0,4,0,0.00,0.00,0.00,0.00,0.00,Matches,2010-2011
539,Matthew Upson,eng ENG,DF,West Ham,31,1979,30,30,"2,470",27.4,0,1,0,0,0,4,0,0.00,0.04,0.04,0.00,0.04,Matches,2010-2011
540,Antonio Valencia,ec ECU,"DF,MF",Manchester Utd,24,1985,10,8,742,8.2,1,2,1,0,0,1,0,0.12,0.24,0.36,0.12,0.36,Matches,2010-2011
541,Jelle Van Damme,be BEL,"DF,MF",Wolves,26,1983,6,4,276,3.1,1,1,1,0,0,2,0,0.33,0.33,0.65,0.33,0.65,Matches,2010-2011
542,Luke Varney,eng ENG,"FW,MF",Blackpool,27,1982,30,24,"2,032",22.6,5,3,5,0,0,1,0,0.22,0.13,0.35,0.22,0.35,Matches,2010-2011
543,David Vaughan,wls WAL,MF,Blackpool,27,1983,35,35,"3,150",35.0,2,2,2,0,0,6,0,0.06,0.06,0.11,0.06,0.11,Matches,2010-2011
544,James Vaughan,eng ENG,FW,Everton,22,1988,1,0,18,0.2,0,0,0,0,0,0,0,0.00,0.00,0.00,0.00,0.00,Matches,2010-2011
546,Carlos Vela,mx MEX,"FW,MF",Arsenal,21,1989,4,0,65,0.7,1,0,1,0,0,0,0,1.38,0.00,1.38,1.38,1.38,Matches,2010-2011
547,Carlos Vela,mx MEX,"FW,MF",West Brom,21,1989,8,3,321,3.6,2,1,2,0,0,0,0,0.56,0.28,0.84,0.56,0.84,Matches,2010-2011
548,Apostolos Vellios,gr GRE,FW,Everton,18,1992,3,0,35,0.4,0,0,0,0,0,0,0,0.00,0.00,0.00,0.00,0.00,Matches,2010-2011
549,Thomas Vermaelen,be BEL,DF,Arsenal,24,1985,5,5,450,5.0,0,1,0,0,0,0,0,0.00,0.20,0.20,0.00,0.20,Matches,2010-2011
550,Nemanja Vidić,rs SRB,DF,Manchester Utd,28,1981,35,35,"3,116",34.6,5,1,5,0,0,7,1,0.14,0.03,0.17,0.14,0.17,Matches,2010-2011
551,Patrick Vieira,fr FRA,MF,Manchester City,34,1976,15,4,495,5.5,2,0,2,0,0,2,0,0.36,0.00,0.36,0.36,0.36,Matches,2010-2011
552,Sam Vokes,wls WAL,FW,Wolves,20,1989,2,0,31,0.3,0,0,0,0,0,0,0,0.00,0.00,0.00,0.00,0.00,Matches,2010-2011
553,Reece Wabara,eng ENG,DF,Manchester City,18,1991,1,0,4,0.0,0,0,0,0,0,0,0,0.00,0.00,0.00,0.00,0.00,Matches,2010-2011
554,Martyn Waghorn,eng ENG,"FW,MF",Sunderland,20,1990,2,0,8,0.1,0,0,0,0,0,0,0,0.00,0.00,0.00,0.00,0.00,Matches,2010-2011
555,Theo Walcott,eng ENG,"FW,MF",Arsenal,21,1989,28,19,"1,691",18.8,9,7,9,0,0,0,0,0.48,0.37,0.85,0.48,0.85,Matches,2010-2011
556,Kyle Walker,eng ENG,DF,Aston Villa,20,1990,15,15,"1,337",14.9,1,2,1,0,0,3,0,0.07,0.13,0.20,0.07,0.20,Matches,2010-2011
557,Kyle Walker,eng ENG,DF,Tottenham,20,1990,1,0,4,0.0,0,0,0,0,0,0,0,0.00,0.00,0.00,0.00,0.00,Matches,2010-2011
558,Jonathan Walters,ie IRL,"FW,MF",Stoke City,26,1983,36,27,"2,341",26.0,6,2,5,1,1,4,0,0.23,0.08,0.31,0.19,0.27,Matches,2010-2011
559,Stephen Ward,ie IRL,"DF,FW",Wolves,24,1985,34,27,"2,396",26.6,1,1,1,0,0,2,0,0.04,0.04,0.08,0.04,0.08,Matches,2010-2011
560,Stephen Warnock,eng ENG,DF,Aston Villa,28,1981,19,19,"1,710",19.0,0,2,0,0,0,8,0,0.00,0.11,0.11,0.00,0.11,Matches,2010-2011
561,Ben Watson,eng ENG,MF,Wigan Athletic,25,1985,29,23,"2,124",23.6,3,1,1,2,2,3,0,0.13,0.04,0.17,0.04,0.08,Matches,2010-2011
562,Andreas Weimann,at AUT,"FW,MF",Aston Villa,18,1991,1,0,5,0.1,0,0,0,0,0,0,0,0.00,0.00,0.00,0.00,0.00,Matches,2010-2011
563,Danny Welbeck,eng ENG,"FW,MF",Sunderland,19,1990,26,21,"1,756",19.5,6,1,6,0,0,2,0,0.31,0.05,0.36,0.31,0.36,Matches,2010-2011
564,David Wheater,eng ENG,DF,Bolton,23,1987,7,5,538,6.0,0,0,0,0,0,3,0,0.00,0.00,0.00,0.00,0.00,Matches,2010-2011
565,Glenn Whelan,ie IRL,MF,Stoke City,26,1984,29,14,"1,358",15.1,0,1,0,0,0,2,0,0.00,0.07,0.07,0.00,0.07,Matches,2010-2011
566,Dean Whitehead,eng ENG,"DF,MF",Stoke City,28,1982,37,31,"2,902",32.2,2,1,2,0,0,6,0,0.06,0.03,0.09,0.06,0.09,Matches,2010-2011
567,Andy Wilkinson,eng ENG,DF,Stoke City,25,1984,22,21,"1,746",19.4,0,1,0,0,0,4,0,0.00,0.05,0.05,0.00,0.05,Matches,2010-2011
568,Mike Williamson,eng ENG,DF,Newcastle Utd,26,1983,29,28,"2,565",28.5,0,1,0,0,0,5,0,0.00,0.04,0.04,0.00,0.04,Matches,2010-2011
569,Jack Wilshere,eng ENG,MF,Arsenal,18,1992,35,31,"2,639",29.3,1,3,1,0,0,7,1,0.03,0.10,0.14,0.03,0.14,Matches,2010-2011
570,Danny Wilson,sct SCO,DF,Liverpool,18,1991,2,1,157,1.7,0,0,0,0,0,1,0,0.00,0.00,0.00,0.00,0.00,Matches,2010-2011
572,Marc Wilson,ie IRL,"DF,MF",Stoke City,22,1987,28,21,"1,855",20.6,1,1,1,0,0,7,0,0.05,0.05,0.10,0.05,0.10,Matches,2010-2011
573,Chris Wood,nz NZL,FW,West Brom,18,1991,1,0,9,0.1,0,0,0,0,0,0,0,0.00,0.00,0.00,0.00,0.00,Matches,2010-2011
574,Shaun Wright-Phillips,eng ENG,"FW,MF",Manchester City,28,1981,7,2,205,2.3,0,0,0,0,0,0,0,0.00,0.00,0.00,0.00,0.00,Matches,2010-2011
575,Xisco,es ESP,FW,Newcastle Utd,24,1986,2,0,22,0.2,0,1,0,0,0,0,0,0.00,4.09,4.09,0.00,4.09,Matches,2010-2011
576,Ashley Young,eng ENG,"DF,FW",Aston Villa,25,1985,34,34,"3,050",33.9,7,10,3,4,5,8,0,0.21,0.30,0.50,0.09,0.38,Matches,2010-2011
577,Luke Young,eng ENG,DF,Aston Villa,31,1979,23,23,"2,070",23.0,1,1,1,0,0,1,0,0.04,0.04,0.09,0.04,0.09,Matches,2010-2011
578,Pablo Zabaleta,ar ARG,"DF,MF",Manchester City,25,1985,26,21,"1,948",21.6,2,2,2,0,0,8,1,0.09,0.09,0.18,0.09,0.18,Matches,2010-2011
579,Bobby Zamora,eng ENG,FW,Fulham,29,1981,14,9,757,8.4,5,5,4,1,1,2,0,0.59,0.59,1.19,0.48,1.07,Matches,2010-2011
580,Boudewijn Zenden,nl NED,"DF,FW",Sunderland,33,1976,27,10,"1,122",12.5,2,3,2,0,0,1,1,0.16,0.24,0.40,0.16,0.40,Matches,2010-2011
581,Yuri Zhirkov,ru RUS,"DF,MF",Chelsea,26,1983,12,6,608,6.8,0,2,0,0,0,1,0,0.00,0.30,0.30,0.00,0.30,Matches,2010-2011
582,Nikola Žigić,rs SRB,FW,Birmingham City,29,1980,25,13,"1,319",14.7,5,3,5,0,0,4,0,0.34,0.20,0.55,0.34,0.55,Matches,2010-2011
583,Ronald Zubar,fr FRA,DF,Wolves,24,1985,15,14,"1,260",14.0,1,0,1,0,0,4,0,0.07,0.00,0.07,0.07,0.07,Matches,2010-2011
584,Gianni Zuiverloon,nl NED,DF,West Brom,23,1986,2,1,117,1.3,0,0,0,0,0,0,0,0.00,0.00,0.00,0.00,0.00,Matches,2010-2011
