,,,,,,,Playing Time,Playing Time,Playing Time,Playing Time,Performance,Performance,Performance,Performance,Performance,Performance,Performance,Per 90 Minutes,Per 90 Minutes,Per 90 Minutes,Per 90 Minutes,Per 90 Minutes,Expected,Expected,Expected,Expected,Per 90 Minutes,Per 90 Minutes,Per 90 Minutes,Per 90 Minutes,Per 90 Minutes,
Rk,Player,Nation,Pos,Squad,Age,Born,MP,Starts,Min,90s,Gls,Ast,G-PK,PK,PKatt,CrdY,CrdR,Gls,Ast,G+A,G-PK,G+A-PK,xG,npxG,xA,npxG+xA,xG,xA,xG+xA,npxG,npxG+xA,Matches
1,Max Aarons\774cf58b,eng ENG,DF,Norwich City,22-085,2000,28,27,2398,26.6,0,1,0,0,0,6,0,0.00,0.04,0.04,0.00,0.04,0.7,0.7,0.9,1.6,0.02,0.04,0.06,0.02,0.06,Matches
2,Che Adams\f2bf1b0f,sct SCO,FW,Southampton,25-260,1996,23,19,1647,18.3,7,3,7,0,0,0,0,0.38,0.16,0.55,0.38,0.55,5.5,5.5,2.2,7.8,0.30,0.12,0.42,0.30,0.42,Matches
3,Rayan Aït Nouri\9b398aea,fr FRA,DF,Wolves,20-297,2001,17,15,1373,15.3,0,2,0,0,0,4,0,0.00,0.13,0.13,0.00,0.13,0.4,0.4,1.2,1.6,0.03,0.08,0.11,0.03,0.11,Matches
4,Kristoffer Ajer\a8c0acb7,no NOR,DF,Brentford,23-347,1998,17,16,1405,15.6,0,2,0,0,0,4,0,0.00,0.13,0.13,0.00,0.13,0.2,0.2,1.0,1.1,0.01,0.06,0.07,0.01,0.07,Matches
5,Nathan Aké\eaeca114,nl NED,DF,Manchester City,27-040,1995,9,7,671,7.5,1,0,1,0,0,0,0,0.13,0.00,0.13,0.13,0.13,0.7,0.7,0.5,1.2,0.10,0.07,0.16,0.10,0.16,Matches
6,Marc Albrighton\b827d5b3,eng ENG,FWDF,Leicester City,32-132,1989,15,10,997,11.1,1,1,1,0,0,2,0,0.09,0.09,0.18,0.09,0.18,0.5,0.5,1.3,1.8,0.05,0.12,0.17,0.05,0.17,Matches
7,Thiago Alcántara\77e84962,es ESP,MF,Liverpool,30-353,1991,17,11,1009,11.2,1,2,1,0,0,1,0,0.09,0.18,0.27,0.09,0.27,1.5,1.5,1.6,3.1,0.14,0.14,0.28,0.14,0.28,Matches
8,Trent Alexander-Arnold\cd1acf9d,eng ENG,DF,Liverpool,23-174,1998,26,26,2313,25.7,2,11,2,0,0,1,0,0.08,0.43,0.51,0.08,0.51,2.3,2.3,9.6,11.9,0.09,0.37,0.46,0.09,0.46,Matches
9,Alisson\7a2e46a8,br BRA,GK,Liverpool,29-179,1992,27,27,2430,27.0,0,1,0,0,0,0,0,0.00,0.04,0.04,0.00,0.04,0.0,0.0,0.4,0.4,0.00,0.02,0.02,0.00,0.02,Matches
10,Allan\cc700722,br BRA,MF,Everton,31-081,1991,23,22,1934,21.5,0,2,0,0,0,6,1,0.00,0.09,0.09,0.00,0.09,0.2,0.2,0.9,1.0,0.01,0.04,0.05,0.01,0.05,Matches
11,Dele Alli\cea4ee8f,eng ENG,MF,Everton,25-353,1996,6,0,175,1.9,0,0,0,0,0,1,0,0.00,0.00,0.00,0.00,0.00,0.1,0.1,0.3,0.3,0.04,0.13,0.17,0.04,0.17,Matches
12,Dele Alli\cea4ee8f,eng ENG,MFFW,Tottenham,25-353,1996,10,8,657,7.3,1,0,0,1,1,1,0,0.14,0.00,0.14,0.00,0.00,1.5,0.7,0.8,1.5,0.20,0.11,0.31,0.10,0.21,Matches
13,Miguel Almirón\862a1c15,py PAR,MFFW,Newcastle Utd,28-048,1994,22,13,1137,12.6,0,0,0,0,0,1,0,0.00,0.00,0.00,0.00,0.00,1.0,1.0,0.5,1.5,0.08,0.04,0.12,0.08,0.12,Matches
14,Marcos Alonso\f4290206,es ESP,DF,Chelsea,31-092,1990,19,16,1448,16.1,1,3,1,0,0,6,0,0.06,0.19,0.25,0.06,0.25,1.8,1.8,2.8,4.6,0.11,0.18,0.29,0.11,0.29,Matches
15,Steven Alzate\ad1f61f3,co COL,MF,Brighton,23-203,1998,9,5,404,4.5,0,0,0,0,0,0,0,0.00,0.00,0.00,0.00,0.00,0.1,0.1,0.2,0.3,0.02,0.04,0.06,0.02,0.06,Matches
16,Daniel Amartey\1a4ef233,gh GHA,DF,Leicester City,27-099,1994,18,17,1506,16.7,0,0,0,0,0,1,0,0.00,0.00,0.00,0.00,0.00,0.0,0.0,0.1,0.2,0.00,0.01,0.01,0.00,0.01,Matches
17,Joachim Andersen\e34fc66d,dk DEN,DF,Crystal Palace,25-303,1996,25,23,2106,23.4,0,1,0,0,0,3,0,0.00,0.04,0.04,0.00,0.04,0.4,0.4,1.1,1.5,0.02,0.04,0.06,0.02,0.06,Matches
18,Michail Antonio\ac05f970,jm JAM,FW,West Ham,32-002,1990,29,28,2482,27.6,8,7,8,0,1,7,1,0.29,0.25,0.54,0.29,0.54,8.7,8.4,6.1,14.5,0.31,0.22,0.54,0.30,0.53,Matches
19,Cameron Archer\05e8ca6d,eng ENG,MFFW,Aston Villa,20-252,2001,3,0,27,0.3,0,0,0,0,0,0,0,0.00,0.00,0.00,0.00,0.00,0.0,0.0,0.0,0.0,0.07,0.00,0.07,0.07,0.07,Matches
20,Alphonse Areola\2f965a72,fr FRA,GK,West Ham,29-031,1993,1,1,90,1.0,0,0,0,0,0,0,0,0.00,0.00,0.00,0.00,0.00,0.0,0.0,0.0,0.0,0.00,0.00,0.00,0.00,0.00,Matches
21,Adam Armstrong\68c720b5,eng ENG,FWMF,Southampton,25-048,1997,20,14,1216,13.5,2,2,2,0,0,1,0,0.15,0.15,0.30,0.15,0.30,4.1,4.1,1.7,5.8,0.30,0.13,0.43,0.30,0.43,Matches
22,Stuart Armstrong\97333cf5,sct SCO,MF,Southampton,30-000,1992,16,10,967,10.7,2,0,2,0,0,1,0,0.19,0.00,0.19,0.19,0.19,2.4,2.4,1.0,3.4,0.23,0.09,0.32,0.23,0.32,Matches
23,Kepa Arrizabalaga\28d596a0,es ESP,GK,Chelsea,27-178,1994,4,4,360,4.0,0,0,0,0,0,0,0,0.00,0.00,0.00,0.00,0.00,0.0,0.0,0.0,0.0,0.00,0.00,0.00,0.00,0.00,Matches
24,Harrison Ashby\b391383a,sct SCO,DF,West Ham,20-136,2001,1,0,7,0.1,0,0,0,0,0,0,0,0.00,0.00,0.00,0.00,0.00,0.0,0.0,0.0,0.0,0.00,0.00,0.00,0.00,0.00,Matches
25,Pierre-Emerick Aubameyang\d5dd5f1f,ga GAB,FW,Arsenal,32-285,1989,14,12,1037,11.5,4,1,4,0,2,3,0,0.35,0.09,0.43,0.35,0.43,5.8,4.1,0.8,5.0,0.50,0.07,0.57,0.36,0.43,Matches
26,Jordan Ayew\da052c14,gh GHA,FW,Crystal Palace,30-200,1991,25,18,1557,17.3,1,3,1,0,0,1,0,0.06,0.17,0.23,0.06,0.23,2.5,2.5,2.2,4.7,0.15,0.13,0.27,0.15,0.27,Matches
27,Luke Ayling\420d7c7d,eng ENG,DF,Leeds United,30-217,1991,21,21,1888,21.0,2,2,2,0,0,3,0,0.10,0.10,0.19,0.10,0.19,1.4,1.4,0.6,2.0,0.07,0.03,0.09,0.07,0.09,Matches
28,César Azpilicueta\53cad200,es ESP,DF,Chelsea,32-214,1989,18,17,1435,15.9,0,2,0,0,0,0,0,0.00,0.13,0.13,0.00,0.13,0.7,0.7,1.9,2.6,0.04,0.12,0.16,0.04,0.16,Matches
29,Daniel Bachmann\1c0eea98,at AUT,GK,Watford,27-264,1994,11,11,990,11.0,0,0,0,0,0,0,0,0.00,0.00,0.00,0.00,0.00,0.0,0.0,0.0,0.0,0.00,0.00,0.00,0.00,0.00,Matches
30,Leon Bailey\3a233281,jm JAM,FWMF,Aston Villa,24-233,1997,14,4,521,5.8,1,2,1,0,0,2,0,0.17,0.35,0.52,0.17,0.52,1.2,1.2,0.6,1.8,0.22,0.10,0.32,0.22,0.32,Matches
31,Eric Bailly\a1232f4e,ci CIV,DF,Manchester Utd,27-352,1994,4,3,217,2.4,0,0,0,0,0,1,0,0.00,0.00,0.00,0.00,0.00,0.0,0.0,0.0,0.0,0.00,0.00,0.00,0.00,0.00,Matches
32,Folarin Balogun\31822f8c,eng ENG,FW,Arsenal,20-270,2001,2,1,70,0.8,0,0,0,0,0,0,0,0.00,0.00,0.00,0.00,0.00,0.3,0.3,0.0,0.3,0.35,0.00,0.35,0.35,0.35,Matches
33,Patrick Bamford\93feac6e,eng ENG,FW,Leeds United,28-206,1993,9,7,559,6.2,2,2,2,0,0,2,0,0.32,0.32,0.64,0.32,0.64,4.0,4.0,1.0,5.0,0.64,0.16,0.80,0.64,0.80,Matches
34,Shandon Baptiste\2886c9b5,gd GRN,MF,Brentford,23-356,1998,20,9,880,9.8,1,1,1,0,0,2,1,0.10,0.10,0.20,0.10,0.20,0.8,0.8,0.5,1.3,0.08,0.05,0.13,0.08,0.13,Matches
35,Ross Barkley\3a24769f,eng ENG,MF,Chelsea,28-115,1993,5,1,154,1.7,0,0,0,0,0,0,0,0.00,0.00,0.00,0.00,0.00,0.8,0.8,0.5,1.4,0.48,0.32,0.80,0.48,0.80,Matches
36,Ashley Barnes\2691c772,eng ENG,FW,Burnley,32-151,1989,15,4,425,4.7,0,0,0,0,0,3,0,0.00,0.00,0.00,0.00,0.00,0.7,0.7,0.8,1.4,0.14,0.17,0.31,0.14,0.31,Matches
37,Harvey Barnes\3ea50f67,eng ENG,FWMF,Leicester City,24-111,1997,22,19,1566,17.4,3,6,3,0,0,2,0,0.17,0.34,0.52,0.17,0.52,4.7,4.7,2.6,7.3,0.27,0.15,0.42,0.27,0.42,Matches
38,Lewis Bate\cd4256d3,eng ENG,MF,Leeds United,19-152,2002,1,0,43,0.5,0,0,0,0,0,0,0,0.00,0.00,0.00,0.00,0.00,0.0,0.0,0.0,0.0,0.00,0.00,0.00,0.00,0.00,Matches
39,Mads Bech Sørensen\30db8574,dk DEN,DF,Brentford,23-082,1999,5,4,380,4.2,0,0,0,0,0,1,0,0.00,0.00,0.00,0.00,0.00,0.0,0.0,0.1,0.2,0.01,0.03,0.04,0.01,0.04,Matches
40,Jan Bednarek\4115ce4e,pl POL,DF,Southampton,25-352,1996,24,23,1999,22.2,3,0,3,0,0,7,0,0.14,0.00,0.14,0.14,0.14,2.2,2.2,0.6,2.7,0.10,0.03,0.12,0.10,0.12,Matches
41,Donny van de Beek\50dc94ce,nl NED,MF,Manchester Utd,24-346,1997,8,0,75,0.8,1,0,1,0,0,0,0,1.20,0.00,1.20,1.20,1.20,0.7,0.7,0.5,1.2,0.88,0.58,1.46,0.88,1.46,Matches
42,Donny van de Beek\50dc94ce,nl NED,MF,Everton,24-346,1997,6,5,429,4.8,0,0,0,0,0,1,0,0.00,0.00,0.00,0.00,0.00,0.1,0.1,0.1,0.2,0.03,0.01,0.04,0.03,0.04,Matches
43,Asmir Begović\7b4de647,ba BIH,GK,Everton,34-283,1987,2,2,180,2.0,0,0,0,0,0,0,0,0.00,0.00,0.00,0.00,0.00,0.0,0.0,0.0,0.0,0.00,0.00,0.00,0.00,0.00,Matches
44,Saïd Benrahma\5a04fd92,dz ALG,FWMF,West Ham,26-232,1995,26,22,1795,19.9,6,6,6,0,0,0,0,0.30,0.30,0.60,0.30,0.60,4.1,4.1,2.7,6.8,0.20,0.14,0.34,0.20,0.34,Matches
45,Rodrigo Bentancur\3b8674e6,uy URU,MF,Tottenham,24-298,1997,8,7,613,6.8,0,1,0,0,0,1,0,0.00,0.15,0.15,0.00,0.15,0.2,0.2,0.8,1.0,0.03,0.11,0.14,0.03,0.14,Matches
46,Christian Benteke\ab070c55,be BEL,FW,Crystal Palace,31-117,1990,22,11,1115,12.4,4,1,4,0,0,3,0,0.32,0.08,0.40,0.32,0.40,5.4,5.4,1.1,6.4,0.43,0.09,0.52,0.43,0.52,Matches
47,Jóhann Berg Guðmundsson\f72293fc,is ISL,MF,Burnley,31-154,1990,18,13,1102,12.2,0,1,0,0,0,2,0,0.00,0.08,0.08,0.00,0.08,1.7,1.7,0.3,2.0,0.14,0.03,0.16,0.14,0.16,Matches
48,Steven Bergwijn\a29b1131,nl NED,FWMF,Tottenham,24-173,1997,18,4,497,5.5,2,1,2,0,0,1,0,0.36,0.18,0.54,0.36,0.54,2.3,2.3,0.6,2.9,0.41,0.11,0.53,0.41,0.53,Matches
49,Ryan Bertrand\01226327,eng ENG,DF,Leicester City,32-237,1989,4,4,337,3.7,0,0,0,0,0,1,0,0.00,0.00,0.00,0.00,0.00,0.0,0.0,0.3,0.3,0.00,0.08,0.08,0.00,0.08,Matches
50,Mads Bidstrup\407db0d5,dk DEN,MF,Brentford,21-033,2001,4,0,41,0.5,0,0,0,0,0,0,0,0.00,0.00,0.00,0.00,0.00,0.0,0.0,0.0,0.0,0.00,0.00,0.00,0.00,0.00,Matches
51,Yves Bissouma\6c203af0,ml MLI,MF,Brighton,25-212,1996,20,19,1633,18.1,0,1,0,0,0,8,0,0.00,0.06,0.06,0.00,0.06,0.8,0.8,0.6,1.4,0.04,0.03,0.08,0.04,0.08,Matches
52,Willy Boly\a4ac4b8f,ci CIV,DF,Wolves,31-055,1991,2,2,180,2.0,0,0,0,0,0,1,0,0.00,0.00,0.00,0.00,0.00,0.0,0.0,0.0,0.0,0.00,0.00,0.00,0.00,0.00,Matches
53,Jarrod Bowen\79c84d1c,eng ENG,FW,West Ham,25-100,1996,28,27,2356,26.2,8,8,8,0,0,3,0,0.31,0.31,0.61,0.31,0.61,9.1,9.1,5.1,14.2,0.35,0.19,0.54,0.35,0.54,Matches
54,Jarrad Branthwaite\c1949191,eng ENG,DF,Everton,19-276,2002,3,1,191,2.1,1,0,1,0,0,0,0,0.47,0.00,0.47,0.47,0.47,0.4,0.4,0.0,0.4,0.20,0.00,0.20,0.20,0.20,Matches
55,Armando Broja\97220da2,al ALB,FW,Southampton,20-201,2001,25,16,1514,16.8,6,0,6,0,0,1,0,0.36,0.00,0.36,0.36,0.36,6.3,6.3,1.0,7.3,0.37,0.06,0.43,0.37,0.43,Matches
56,Josh Brownhill\47369df8,eng ENG,MF,Burnley,26-101,1995,24,22,2013,22.4,1,1,1,0,0,8,0,0.04,0.04,0.09,0.04,0.09,1.0,1.0,1.5,2.4,0.04,0.07,0.11,0.04,0.11,Matches
57,Bryan\7b5ab7f2,es ESP,FWMF,Tottenham,21-047,2001,9,0,94,1.0,0,0,0,0,0,0,0,0.00,0.00,0.00,0.00,0.00,0.0,0.0,0.1,0.1,0.03,0.07,0.10,0.03,0.10,Matches
58,Emi Buendía\66b76d44,ar ARG,FWMF,Aston Villa,25-095,1996,26,19,1537,17.1,2,4,2,0,0,1,0,0.12,0.23,0.35,0.12,0.35,2.2,2.2,3.5,5.6,0.13,0.20,0.33,0.13,0.33,Matches
59,Dan Burn\b2d31e83,eng ENG,DF,Brighton,29-325,1992,13,12,1022,11.4,1,0,1,0,0,4,0,0.09,0.00,0.09,0.09,0.09,1.3,1.3,0.0,1.3,0.11,0.00,0.12,0.11,0.12,Matches
60,Dan Burn\b2d31e83,eng ENG,DF,Newcastle Utd,29-325,1992,7,7,630,7.0,0,1,0,0,0,2,0,0.00,0.14,0.14,0.00,0.14,0.3,0.3,0.2,0.5,0.04,0.03,0.07,0.04,0.07,Matches
61,Jack Butland\cc70a1d5,eng ENG,GK,Crystal Palace,29-020,1993,6,5,495,5.5,0,0,0,0,0,0,0,0.00,0.00,0.00,0.00,0.00,0.0,0.0,0.0,0.0,0.00,0.00,0.00,0.00,0.00,Matches
62,Sam Byram\1bf811d4,eng ENG,DFMF,Norwich City,28-195,1993,6,2,272,3.0,0,0,0,0,0,2,0,0.00,0.00,0.00,0.00,0.00,0.5,0.5,0.1,0.6,0.17,0.03,0.20,0.17,0.20,Matches
63,Willy Caballero\a179d516,ar ARG,GK,Southampton,40-183,1981,2,2,180,2.0,0,0,0,0,0,1,0,0.00,0.00,0.00,0.00,0.00,0.0,0.0,0.0,0.0,0.00,0.00,0.00,0.00,0.00,Matches
64,Dominic Calvert-Lewin\59e6e5bf,eng ENG,FW,Everton,25-014,1997,10,9,762,8.5,3,1,1,2,3,2,0,0.35,0.12,0.47,0.12,0.24,5.7,3.4,0.7,4.2,0.68,0.09,0.76,0.41,0.49,Matches
65,João Cancelo\bd6351cd,pt POR,DF,Manchester City,27-307,1994,27,27,2417,26.9,1,5,1,0,0,5,0,0.04,0.19,0.22,0.04,0.22,2.8,2.8,3.3,6.2,0.11,0.12,0.23,0.11,0.23,Matches
66,Sergi Canós\1137759d,es ESP,DF,Brentford,25-056,1997,28,25,2050,22.8,2,2,2,0,0,6,0,0.09,0.09,0.18,0.09,0.18,2.9,2.9,1.9,4.9,0.13,0.09,0.21,0.13,0.21,Matches
67,Todd Cantwell\f63d8a4b,eng ENG,FWMF,Norwich City,24-031,1998,8,5,441,4.9,0,0,0,0,0,2,0,0.00,0.00,0.00,0.00,0.00,0.2,0.2,0.2,0.4,0.03,0.04,0.07,0.03,0.07,Matches
68,Matty Cash\2389cdc2,pl POL,DF,Aston Villa,24-235,1997,29,29,2567,28.5,3,3,3,0,0,8,0,0.11,0.11,0.21,0.11,0.21,1.7,1.7,1.8,3.6,0.06,0.06,0.12,0.06,0.12,Matches
69,Timothy Castagne\197640fd,be BEL,DF,Leicester City,26-115,1995,17,13,1336,14.8,1,0,1,0,0,1,0,0.07,0.00,0.07,0.07,0.07,0.1,0.1,0.4,0.5,0.01,0.03,0.03,0.01,0.03,Matches
70,Jonny Castro\e28868f3,es ESP,DF,Wolves,28-027,1994,5,3,356,4.0,1,0,1,0,0,0,0,0.25,0.00,0.25,0.25,0.25,0.5,0.5,0.3,0.7,0.12,0.07,0.19,0.12,0.19,Matches
71,Craig Cathcart\89e4b358,nir NIR,DF,Watford,33-052,1989,26,25,2184,24.3,0,1,0,0,0,3,0,0.00,0.04,0.04,0.00,0.04,0.1,0.1,0.3,0.4,0.00,0.01,0.02,0.00,0.02,Matches
72,Edinson Cavani\527f063d,uy URU,FW,Manchester Utd,35-044,1987,12,6,615,6.8,2,1,2,0,0,0,0,0.29,0.15,0.44,0.29,0.44,3.1,3.1,1.1,4.2,0.45,0.17,0.62,0.45,0.62,Matches
73,Kayky Chagas\17734ea0,br BRA,FW,Manchester City,18-292,2003,1,0,7,0.1,0,0,0,0,0,0,0,0.00,0.00,0.00,0.00,0.00,0.0,0.0,0.0,0.0,0.00,0.00,0.00,0.00,0.00,Matches
74,Trevoh Chalobah\5515376c,eng ENG,DF,Chelsea,22-268,1999,17,14,1179,13.1,3,1,3,0,0,2,0,0.23,0.08,0.31,0.23,0.31,0.8,0.8,0.1,0.9,0.06,0.01,0.07,0.06,0.07,Matches
75,Calum Chambers\dc6f5bdd,eng ENG,DF,Arsenal,27-069,1995,2,2,170,1.9,0,0,0,0,0,0,0,0.00,0.00,0.00,0.00,0.00,0.1,0.1,0.1,0.1,0.05,0.03,0.07,0.05,0.07,Matches
76,Calum Chambers\dc6f5bdd,eng ENG,DF,Aston Villa,27-069,1995,6,5,452,5.0,1,0,1,0,0,0,0,0.20,0.00,0.20,0.20,0.20,0.1,0.1,0.0,0.1,0.02,0.00,0.02,0.02,0.02,Matches
77,Daniel Chesters\240c8ab6,eng ENG,MF,West Ham,19-360,2002,1,0,1,0.0,0,0,0,0,0,0,0,0.00,0.00,0.00,0.00,0.00,0.0,0.0,0.0,0.0,0.00,0.00,0.00,0.00,0.00,Matches
78,Ben Chilwell\d2424d1b,eng ENG,DF,Chelsea,25-099,1996,6,6,540,6.0,3,1,3,0,0,0,0,0.50,0.17,0.67,0.50,0.67,1.2,1.2,0.9,2.1,0.19,0.15,0.35,0.19,0.35,Matches
79,Chiquinho\dc6c2f02,pt POR,MFDF,Wolves,22-053,2000,4,0,51,0.6,0,1,0,0,0,0,0,0.00,1.76,1.76,0.00,1.76,0.2,0.2,0.1,0.3,0.41,0.13,0.54,0.41,0.54,Matches
80,Hamza Choudhury\7d2d3329,eng ENG,DFMF,Leicester City,24-180,1997,5,4,284,3.2,0,0,0,0,0,1,0,0.00,0.00,0.00,0.00,0.00,0.0,0.0,0.0,0.0,0.01,0.00,0.01,0.01,0.01,Matches
81,Andreas Christensen\1cb49278,dk DEN,DF,Chelsea,25-354,1996,16,14,1271,14.1,0,0,0,0,0,2,0,0.00,0.00,0.00,0.00,0.00,0.4,0.4,0.2,0.7,0.03,0.02,0.05,0.03,0.05,Matches
82,Carney Chukwuemeka\b2f9c73e,eng ENG,MFFW,Aston Villa,18-082,2004,9,1,194,2.2,0,1,0,0,0,0,0,0.00,0.46,0.46,0.00,0.46,0.5,0.5,1.0,1.5,0.22,0.46,0.67,0.22,0.67,Matches
83,Ciaran Clark\2b91cf8e,ie IRL,DF,Newcastle Utd,32-185,1989,13,12,1014,11.3,0,1,0,0,0,2,1,0.00,0.09,0.09,0.00,0.09,0.8,0.8,0.3,1.1,0.07,0.03,0.10,0.07,0.10,Matches
84,Tom Cleverley\6cdd8245,eng ENG,MF,Watford,32-230,1989,23,17,1365,15.2,0,2,0,0,0,2,0,0.00,0.13,0.13,0.00,0.13,0.8,0.8,1.5,2.2,0.05,0.10,0.15,0.05,0.15,Matches
85,Nathaniel Clyne\0442183b,eng ENG,DF,Crystal Palace,30-359,1991,7,6,541,6.0,0,0,0,0,0,1,0,0.00,0.00,0.00,0.00,0.00,0.0,0.0,0.0,0.1,0.00,0.01,0.01,0.00,0.01,Matches
86,Conor Coady\2928dca2,eng ENG,DF,Wolves,29-033,1993,30,30,2686,29.8,3,0,3,0,0,2,0,0.10,0.00,0.10,0.10,0.10,1.8,1.8,0.0,1.8,0.06,0.00,0.06,0.06,0.06,Matches
87,Séamus Coleman\0420d84f,ie IRL,DF,Everton,33-170,1988,22,22,1943,21.6,1,0,1,0,0,2,0,0.05,0.00,0.05,0.05,0.05,1.0,1.0,1.0,2.0,0.05,0.04,0.09,0.05,0.09,Matches
88,Nathan Collins\a8c19eb8,ie IRL,DF,Burnley,20-334,2001,9,8,770,8.6,0,0,0,0,0,1,1,0.00,0.00,0.00,0.00,0.00,0.4,0.4,0.4,0.9,0.05,0.05,0.10,0.05,0.10,Matches
89,Aaron Connolly\27c01749,ie IRL,FW,Brighton,22-061,2000,4,1,156,1.7,0,0,0,0,0,0,0,0.00,0.00,0.00,0.00,0.00,0.5,0.5,0.4,0.8,0.26,0.20,0.47,0.26,0.47,Matches
90,Liam Cooper\dc64b8b3,sct SCO,DF,Leeds United,30-212,1991,15,15,1274,14.2,0,1,0,0,0,4,0,0.00,0.07,0.07,0.00,0.07,0.2,0.2,0.0,0.3,0.02,0.00,0.02,0.02,0.02,Matches
91,Jack Cork\74e12f1e,eng ENG,MF,Burnley,32-278,1989,11,11,880,9.8,0,0,0,0,0,2,0,0.00,0.00,0.00,0.00,0.00,0.1,0.1,0.0,0.2,0.01,0.01,0.02,0.01,0.02,Matches
92,Maxwel Cornet\beb391dd,ci CIV,FWMF,Burnley,25-184,1996,17,14,1097,12.2,6,0,6,0,0,2,0,0.49,0.00,0.49,0.49,0.49,3.0,3.0,0.7,3.6,0.24,0.05,0.30,0.24,0.30,Matches
93,Hélder Costa\f13d02a6,ao ANG,MF,Leeds United,28-077,1994,1,0,22,0.2,0,0,0,0,0,0,0,0.00,0.00,0.00,0.00,0.00,0.0,0.0,0.0,0.0,0.11,0.00,0.11,0.11,0.11,Matches
94,Vladimír Coufal\fdf3cb77,cz CZE,DF,West Ham,29-220,1992,22,19,1679,18.7,0,3,0,0,0,4,1,0.00,0.16,0.16,0.00,0.16,0.6,0.6,2.1,2.7,0.03,0.11,0.15,0.03,0.15,Matches
95,Philippe Coutinho\0ef89a37,br BRA,MFFW,Aston Villa,29-291,1992,10,9,774,8.6,4,3,4,0,0,0,0,0.47,0.35,0.81,0.47,0.81,3.3,3.3,2.4,5.7,0.39,0.28,0.66,0.39,0.66,Matches
96,Aaron Cresswell\4f974391,eng ENG,DF,West Ham,32-105,1989,23,23,2006,22.3,1,3,1,0,0,1,0,0.04,0.13,0.18,0.04,0.18,0.7,0.7,2.7,3.4,0.03,0.12,0.15,0.03,0.15,Matches
97,Charlie Cresswell\4654e5f5,eng ENG,DF,Leeds United,19-113,2002,5,1,141,1.6,0,0,0,0,0,1,0,0.00,0.00,0.00,0.00,0.00,0.1,0.1,0.0,0.1,0.05,0.00,0.05,0.05,0.05,Matches
98,Cucho\71b47ab9,co COL,FWMF,Watford,22-344,1999,22,9,1013,11.3,5,2,5,0,0,2,0,0.44,0.18,0.62,0.44,0.62,2.5,2.5,1.9,4.4,0.22,0.17,0.39,0.22,0.39,Matches
99,Marc Cucurella\1daec722,es ESP,DF,Brighton,23-251,1998,26,26,2279,25.3,0,1,0,0,0,4,0,0.00,0.04,0.04,0.00,0.04,0.4,0.4,2.3,2.7,0.02,0.09,0.11,0.02,0.11,Matches
100,Luke Cundle\cc3b8e78,eng ENG,MF,Wolves,19-338,2002,2,1,84,0.9,0,0,0,0,0,0,0,0.00,0.00,0.00,0.00,0.00,0.0,0.0,0.2,0.2,0.00,0.24,0.24,0.00,0.24,Matches
101,Patson Daka\ca45605e,zm ZAM,FW,Leicester City,23-172,1998,15,8,767,8.5,4,3,4,0,0,1,0,0.47,0.35,0.82,0.47,0.82,3.3,3.3,1.4,4.7,0.39,0.17,0.56,0.39,0.56,Matches
102,Stuart Dallas\67ca8566,nir NIR,DFMF,Leeds United,30-345,1991,30,30,2605,28.9,1,1,1,0,0,5,0,0.03,0.03,0.07,0.03,0.07,1.9,1.9,2.2,4.0,0.06,0.08,0.14,0.06,0.14,Matches
103,Diogo Dalot\d9565625,pt POR,DF,Manchester Utd,23-012,1999,16,11,1093,12.1,0,0,0,0,0,2,0,0.00,0.00,0.00,0.00,0.00,0.4,0.4,0.4,0.8,0.03,0.04,0.07,0.03,0.07,Matches
104,Karl Darlow\cde3309f,eng ENG,GK,Newcastle Utd,31-173,1990,8,8,720,8.0,0,0,0,0,0,1,0,0.00,0.00,0.00,0.00,0.00,0.0,0.0,0.0,0.0,0.00,0.00,0.00,0.00,0.00,Matches
105,Josh Dasilva\60344e4f,eng ENG,MFFW,Brentford,23-158,1998,4,2,136,1.5,0,0,0,0,0,0,1,0.00,0.00,0.00,0.00,0.00,0.0,0.0,0.1,0.1,0.00,0.04,0.04,0.00,0.04,Matches
106,Ben Davies\44781702,wls WAL,DF,Tottenham,28-340,1993,20,19,1737,19.3,0,1,0,0,0,3,0,0.00,0.05,0.05,0.00,0.05,1.3,1.3,0.5,1.8,0.07,0.03,0.09,0.07,0.09,Matches
107,Tom Davies\9228b07c,eng ENG,MF,Everton,23-273,1998,5,1,158,1.8,1,0,1,0,0,0,0,0.57,0.00,0.57,0.57,0.57,0.9,0.9,0.0,0.9,0.52,0.00,0.52,0.52,0.52,Matches
108,Keinan Davis\9deaf2c8,eng ENG,FW,Aston Villa,24-045,1998,1,0,12,0.1,0,0,0,0,0,0,0,0.00,0.00,0.00,0.00,0.00,0.0,0.0,0.0,0.0,0.00,0.00,0.00,0.00,0.00,Matches
109,Craig Dawson\3e9e06cb,eng ENG,DF,West Ham,31-328,1990,27,23,2153,23.9,2,2,2,0,0,5,0,0.08,0.08,0.17,0.08,0.17,2.5,2.5,0.5,2.9,0.10,0.02,0.12,0.10,0.12,Matches
110,Kevin De Bruyne\e46012d4,be BEL,MF,Manchester City,30-275,1991,22,17,1536,17.1,9,3,9,0,0,0,0,0.53,0.18,0.70,0.53,0.70,4.5,4.5,5.5,10.0,0.26,0.32,0.58,0.26,0.58,Matches
111,Troy Deeney\82e34b69,eng ENG,FW,Watford,33-274,1988,2,0,25,0.3,0,0,0,0,0,0,0,0.00,0.00,0.00,0.00,0.00,0.4,0.4,0.1,0.5,1.45,0.32,1.77,1.45,1.77,Matches
112,Liam Delap\dd897ee7,eng ENG,FW,Manchester City,19-050,2003,1,0,10,0.1,0,0,0,0,0,0,0,0.00,0.00,0.00,0.00,0.00,0.0,0.0,0.0,0.0,0.00,0.00,0.00,0.00,0.00,Matches
113,Fabian Delph\111c3236,eng ENG,MF,Everton,32-129,1989,6,3,249,2.8,0,0,0,0,0,1,0,0.00,0.00,0.00,0.00,0.00,0.0,0.0,0.0,0.1,0.01,0.02,0.02,0.01,0.02,Matches
114,Leander Dendoncker\5a7301ae,be BEL,MFFW,Wolves,26-349,1995,24,15,1411,15.7,1,2,1,0,0,4,0,0.06,0.13,0.19,0.06,0.19,1.6,1.6,0.9,2.5,0.10,0.06,0.16,0.10,0.16,Matches
115,Emmanuel Dennis\2c44a35d,ng NGA,FWMF,Watford,24-135,1997,27,26,2174,24.2,9,5,9,0,0,9,1,0.37,0.21,0.58,0.37,0.58,6.8,6.8,2.5,9.3,0.28,0.10,0.39,0.28,0.39,Matches
116,Kiernan Dewsbury Hall\5c74c0f5,eng ENG,MF,Leicester City,23-205,1998,18,13,1233,13.7,0,2,0,0,0,3,0,0.00,0.15,0.15,0.00,0.15,1.0,1.0,1.7,2.7,0.07,0.12,0.20,0.07,0.20,Matches
117,Ibrahima Diallo\11ff3d56,fr FRA,MF,Southampton,23-022,1999,19,7,755,8.4,0,2,0,0,0,0,0,0.00,0.24,0.24,0.00,0.24,0.4,0.4,0.9,1.4,0.05,0.11,0.16,0.05,0.16,Matches
118,Raphael Dias Belloli\3423f250,br BRA,MFFW,Leeds United,25-106,1996,27,26,2247,25.0,9,3,6,3,3,6,0,0.36,0.12,0.48,0.24,0.36,9.2,6.9,6.2,13.0,0.37,0.25,0.61,0.28,0.52,Matches
119,Rúben Dias\31c69ef1,pt POR,DF,Manchester City,24-320,1997,25,24,2132,23.7,2,3,2,0,0,5,0,0.08,0.13,0.21,0.08,0.21,1.5,1.5,2.1,3.6,0.06,0.09,0.15,0.06,0.15,Matches
120,Luis Díaz\4a1a9578,co COL,FW,Liverpool,25-076,1997,6,6,496,5.5,2,0,2,0,0,0,0,0.36,0.00,0.36,0.36,0.36,2.3,2.3,1.0,3.4,0.42,0.19,0.61,0.42,0.61,Matches
121,Eric Dier\ac861941,eng ENG,DF,Tottenham,28-074,1994,26,26,2261,25.1,0,0,0,0,0,1,0,0.00,0.00,0.00,0.00,0.00,0.9,0.9,1.3,2.2,0.03,0.05,0.09,0.03,0.09,Matches
122,Lucas Digne\1b84dbe1,fr FRA,DF,Aston Villa,28-253,1993,8,8,639,7.1,0,1,0,0,0,1,0,0.00,0.14,0.14,0.00,0.14,0.5,0.5,0.6,1.1,0.07,0.08,0.15,0.07,0.15,Matches
123,Lucas Digne\1b84dbe1,fr FRA,DF,Everton,28-253,1993,13,13,1170,13.0,0,0,0,0,0,4,0,0.00,0.00,0.00,0.00,0.00,0.4,0.4,1.7,2.1,0.03,0.13,0.16,0.03,0.16,Matches
124,Virgil van Dijk\e06683ca,nl NED,DF,Liverpool,30-265,1991,27,27,2430,27.0,3,1,3,0,0,2,0,0.11,0.04,0.15,0.11,0.15,2.0,2.0,0.3,2.3,0.07,0.01,0.09,0.07,0.09,Matches
125,Issa Diop\a712ca2b,fr FRA,DF,West Ham,25-080,1997,11,9,811,9.0,0,1,0,0,0,0,0,0.00,0.11,0.11,0.00,0.11,0.1,0.1,0.1,0.2,0.01,0.01,0.02,0.01,0.02,Matches
126,Moussa Djenepo\254147d4,ml MLI,MF,Southampton,23-288,1998,11,5,438,4.9,0,0,0,0,0,3,0,0.00,0.00,0.00,0.00,0.00,1.5,1.5,0.2,1.7,0.30,0.05,0.35,0.30,0.35,Matches
127,Lewis Dobbin\e814e1cf,eng ENG,FWMF,Everton,19-086,2003,3,0,32,0.4,0,0,0,0,0,1,0,0.00,0.00,0.00,0.00,0.00,0.0,0.0,0.0,0.0,0.00,0.00,0.00,0.00,0.00,Matches
128,Matt Doherty\d557d734,ie IRL,DF,Tottenham,30-073,1992,13,7,765,8.5,1,4,1,0,0,0,0,0.12,0.47,0.59,0.12,0.59,2.0,2.0,1.8,3.8,0.24,0.21,0.44,0.24,0.44,Matches
129,Gabriel Dos Santos\67ac5bb8,br BRA,DF,Arsenal,24-101,1997,25,25,2196,24.4,3,0,3,0,0,6,1,0.12,0.00,0.12,0.12,0.12,1.9,1.9,0.7,2.7,0.08,0.03,0.11,0.08,0.11,Matches
130,Abdoulaye Doucouré\02b29014,ml MLI,MF,Everton,29-088,1993,20,20,1774,19.7,2,4,2,0,0,4,0,0.10,0.20,0.30,0.10,0.30,1.9,1.9,1.4,3.3,0.10,0.07,0.17,0.10,0.17,Matches
131,Kieran Dowell\2f6ec02a,eng ENG,FWMF,Norwich City,24-171,1997,11,4,356,4.0,0,0,0,0,0,0,0,0.00,0.00,0.00,0.00,0.00,0.2,0.2,0.6,0.7,0.04,0.15,0.19,0.04,0.19,Matches
132,Cody Drameh\e0d1510a,eng ENG,DF,Leeds United,20-112,2001,3,1,128,1.4,0,0,0,0,0,1,0,0.00,0.00,0.00,0.00,0.00,0.0,0.0,0.0,0.0,0.00,0.01,0.01,0.00,0.01,Matches
133,Martin Dúbravka\3a949a25,sk SVK,GK,Newcastle Utd,33-074,1989,17,17,1530,17.0,0,0,0,0,0,1,0,0.00,0.00,0.00,0.00,0.00,0.0,0.0,0.0,0.0,0.00,0.00,0.00,0.00,0.00,Matches
134,Shane Duffy\7314bba4,ie IRL,DF,Brighton,30-088,1992,18,15,1436,16.0,1,0,1,0,0,7,0,0.06,0.00,0.06,0.06,0.06,1.3,1.3,0.1,1.5,0.08,0.01,0.09,0.08,0.09,Matches
135,Paul Dummett\3fe6bd8c,wls WAL,DF,Newcastle Utd,30-185,1991,3,2,198,2.2,0,0,0,0,0,2,0,0.00,0.00,0.00,0.00,0.00,0.0,0.0,0.0,0.0,0.00,0.00,0.00,0.00,0.00,Matches
136,Lewis Dunk\282f75f3,eng ENG,DF,Brighton,30-129,1991,20,20,1763,19.6,1,0,1,0,0,1,1,0.05,0.00,0.05,0.05,0.05,0.8,0.8,0.2,1.0,0.04,0.01,0.05,0.04,0.05,Matches
137,Ederson\3bb7b8b4,br BRA,GK,Manchester City,28-225,1993,28,28,2520,28.0,0,0,0,0,0,3,0,0.00,0.00,0.00,0.00,0.00,0.0,0.0,0.1,0.1,0.00,0.00,0.00,0.00,0.00,Matches
138,Odsonne Édouard\0562b7f1,fr FRA,FW,Crystal Palace,24-073,1998,23,15,1271,14.1,6,3,5,1,1,2,0,0.42,0.21,0.64,0.35,0.57,6.5,5.7,2.1,7.8,0.46,0.15,0.61,0.40,0.55,Matches
139,Anthony Elanga\2fba6108,se SWE,FW,Manchester Utd,19-337,2002,12,6,550,6.1,2,0,2,0,0,0,0,0.33,0.00,0.33,0.33,0.33,2.2,2.2,0.6,2.8,0.36,0.09,0.46,0.36,0.46,Matches
140,Harvey Elliott\c8387671,eng ENG,MF,Liverpool,18-360,2003,5,3,282,3.1,0,0,0,0,0,0,0,0.00,0.00,0.00,0.00,0.00,0.7,0.7,0.3,1.0,0.22,0.10,0.32,0.22,0.32,Matches
141,Mohamed Elneny\47a34c4f,eg EGY,MF,Arsenal,29-262,1992,7,1,176,2.0,0,1,0,0,0,0,0,0.00,0.51,0.51,0.00,0.51,0.0,0.0,0.2,0.2,0.01,0.08,0.09,0.01,0.09,Matches
142,Mohamed Elyounoussi\68dc0dac,no NOR,MF,Southampton,27-238,1994,22,17,1509,16.8,4,1,4,0,0,3,0,0.24,0.06,0.30,0.24,0.30,4.7,4.7,1.9,6.6,0.28,0.11,0.39,0.28,0.39,Matches
143,Emerson\df8b52a5,br BRA,DF,Tottenham,23-075,1999,22,17,1510,16.8,0,1,0,0,0,3,0,0.00,0.06,0.06,0.00,0.06,0.6,0.6,1.7,2.3,0.04,0.10,0.14,0.04,0.14,Matches
144,Christian Eriksen\980522ec,dk DEN,MF,Brentford,30-044,1992,3,2,219,2.4,0,1,0,0,0,1,0,0.00,0.41,0.41,0.00,0.41,0.2,0.2,0.5,0.7,0.07,0.22,0.29,0.07,0.29,Matches
145,Oghenekaro Etebo\b579e83d,ng NGA,MF,Watford,26-141,1995,7,4,389,4.3,0,0,0,0,0,3,0,0.00,0.00,0.00,0.00,0.00,0.0,0.0,0.1,0.1,0.01,0.01,0.02,0.01,0.02,Matches
146,Jonny Evans\f8fcd2a5,nir NIR,DF,Leicester City,34-086,1988,11,9,779,8.7,1,1,1,0,0,2,0,0.12,0.12,0.23,0.12,0.23,0.7,0.7,0.5,1.2,0.09,0.05,0.14,0.09,0.14,Matches
147,Eberechi Eze\ae4fc6a4,eng ENG,MFFW,Crystal Palace,23-274,1998,6,1,142,1.6,0,0,0,0,0,1,0,0.00,0.00,0.00,0.00,0.00,0.0,0.0,0.1,0.1,0.03,0.05,0.08,0.03,0.08,Matches
148,Łukasz Fabiański\9328b835,pl POL,GK,West Ham,36-346,1985,29,29,2610,29.0,0,0,0,0,0,0,0,0.00,0.00,0.00,0.00,0.00,0.0,0.0,0.0,0.0,0.00,0.00,0.00,0.00,0.00,Matches
149,Fabinho\7f3b388c,br BRA,MF,Liverpool,28-158,1993,22,21,1882,20.9,4,1,3,1,1,5,0,0.19,0.05,0.24,0.14,0.19,2.5,1.8,0.7,2.5,0.12,0.04,0.16,0.08,0.12,Matches
150,Kiko Femenía\e5d01ecf,es ESP,DF,Watford,31-056,1991,21,20,1606,17.8,0,5,0,0,0,2,0,0.00,0.28,0.28,0.00,0.28,0.0,0.0,1.9,1.9,0.00,0.11,0.11,0.00,0.11,Matches
151,Evan Ferguson\4596da74,ie IRL,MF,Brighton,17-162,2004,1,0,23,0.3,0,0,0,0,0,0,0,0.00,0.00,0.00,0.00,0.00,0.0,0.0,0.0,0.0,0.00,0.00,0.00,0.00,0.00,Matches
152,Nathan Ferguson\2f8d27bc,eng ENG,DF,Crystal Palace,21-175,2000,1,0,9,0.1,0,0,0,0,0,0,0,0.00,0.00,0.00,0.00,0.00,0.0,0.0,0.0,0.0,0.00,0.00,0.00,0.00,0.00,Matches
153,Bruno Fernandes\507c7bdf,pt POR,MF,Manchester Utd,27-203,1994,27,26,2308,25.6,9,6,9,0,1,7,0,0.35,0.23,0.58,0.35,0.58,7.2,6.4,7.9,14.3,0.28,0.31,0.59,0.25,0.56,Matches
154,Álvaro Fernández\f127d782,es ESP,GK,Brentford,23-351,1998,12,12,1080,12.0,0,0,0,0,0,0,0,0.00,0.00,0.00,0.00,0.00,0.0,0.0,0.0,0.0,0.00,0.00,0.00,0.00,0.00,Matches
155,Federico Fernández\f25b010f,ar ARG,DF,Newcastle Utd,33-037,1989,7,5,523,5.8,0,0,0,0,0,0,0,0.00,0.00,0.00,0.00,0.00,0.4,0.4,0.3,0.8,0.07,0.06,0.13,0.07,0.13,Matches
156,Fernandinho\101da2b5,br BRA,MF,Manchester City,36-330,1985,13,6,610,6.8,1,1,1,0,0,1,0,0.15,0.15,0.30,0.15,0.30,1.4,1.4,0.8,2.1,0.20,0.11,0.32,0.20,0.32,Matches
157,Roberto Firmino\4c370d81,br BRA,FW,Liverpool,30-179,1991,16,8,790,8.8,5,3,5,0,0,3,0,0.57,0.34,0.91,0.57,0.91,4.6,4.6,2.0,6.6,0.53,0.22,0.75,0.53,0.75,Matches
158,Junior Firpo\24f59bb2,es ESP,DF,Leeds United,25-220,1996,19,15,1334,14.8,0,1,0,0,0,9,0,0.00,0.07,0.07,0.00,0.07,0.7,0.7,1.7,2.4,0.05,0.11,0.16,0.05,0.16,Matches
159,Ashley Fletcher\eeb6551f,eng ENG,FW,Watford,26-179,1995,3,0,30,0.3,0,0,0,0,0,0,0,0.00,0.00,0.00,0.00,0.00,0.4,0.4,0.0,0.4,1.16,0.00,1.16,1.16,1.16,Matches
160,Phil Foden\ed1e53f3,eng ENG,FW,Manchester City,21-306,2000,21,18,1608,17.9,7,3,7,0,0,1,0,0.39,0.17,0.56,0.39,0.56,7.7,7.7,4.6,12.3,0.43,0.26,0.69,0.43,0.69,Matches
161,Pablo Fornals\82927de4,es ESP,FWMF,West Ham,26-036,1996,28,25,2164,24.0,6,2,6,0,0,4,0,0.25,0.08,0.33,0.25,0.33,4.1,4.1,3.8,7.9,0.17,0.16,0.33,0.17,0.33,Matches
162,Adam Forshaw\9f1938ab,eng ENG,MF,Leeds United,30-173,1991,21,16,1440,16.0,0,1,0,0,0,5,0,0.00,0.06,0.06,0.00,0.06,0.3,0.3,1.1,1.4,0.02,0.07,0.09,0.02,0.09,Matches
163,Marcus Forss\82c215a0,fi FIN,FWMF,Brentford,22-285,1999,7,1,209,2.3,0,1,0,0,0,0,0,0.00,0.43,0.43,0.00,0.43,0.2,0.2,0.0,0.2,0.10,0.00,0.10,0.10,0.10,Matches
164,Fraser Forster\c3e39f12,eng ENG,GK,Southampton,34-013,1988,12,12,1080,12.0,0,0,0,0,0,1,0,0.00,0.00,0.00,0.00,0.00,0.0,0.0,0.0,0.0,0.00,0.00,0.00,0.00,0.00,Matches
165,Ben Foster\d0b3ceb9,eng ENG,GK,Watford,38-361,1983,18,18,1620,18.0,0,1,0,0,0,0,0,0.00,0.06,0.06,0.00,0.06,0.0,0.0,0.1,0.1,0.00,0.01,0.01,0.00,0.01,Matches
166,Tariqe Fosu\3dcef539,gh GHA,DF,Brentford,26-145,1995,1,0,17,0.2,0,0,0,0,0,0,0,0.00,0.00,0.00,0.00,0.00,0.0,0.0,0.0,0.0,0.15,0.00,0.15,0.15,0.15,Matches
167,Ryan Fraser\d56543a0,sct SCO,FWMF,Newcastle Utd,28-034,1994,24,16,1349,15.0,2,3,2,0,0,3,0,0.13,0.20,0.33,0.13,0.33,2.4,2.4,2.0,4.3,0.16,0.13,0.29,0.16,0.29,Matches
168,Fred\b853e0ad,br BRA,MF,Manchester Utd,29-025,1993,23,21,1764,19.6,3,4,3,0,0,5,0,0.15,0.20,0.36,0.15,0.36,1.0,1.0,1.5,2.4,0.05,0.08,0.12,0.05,0.12,Matches
169,Ryan Fredericks\c067631c,eng ENG,DF,West Ham,29-171,1992,5,1,127,1.4,0,0,0,0,0,1,0,0.00,0.00,0.00,0.00,0.00,0.0,0.0,0.0,0.0,0.00,0.02,0.02,0.00,0.02,Matches
170,Leo Fuhr Hjelde\d102b8a2,no NOR,DF,Leeds United,18-216,2003,2,0,150,1.7,0,0,0,0,0,0,0,0.00,0.00,0.00,0.00,0.00,0.0,0.0,0.0,0.0,0.00,0.02,0.02,0.00,0.02,Matches
171,Conor Gallagher\c2731c10,eng ENG,MF,Crystal Palace,22-052,2000,25,25,2200,24.4,8,3,8,0,0,8,0,0.33,0.12,0.45,0.33,0.45,5.0,5.0,3.2,8.2,0.21,0.13,0.34,0.21,0.34,Matches
172,Dwight Gayle\e58a03c6,eng ENG,FW,Newcastle Utd,31-164,1990,5,0,32,0.4,0,0,0,0,0,1,0,0.00,0.00,0.00,0.00,0.00,0.0,0.0,0.0,0.1,0.14,0.05,0.18,0.14,0.18,Matches
173,Jean-Philippe Gbamin\6bd603db,ci CIV,MF,Everton,26-186,1995,3,1,67,0.7,0,0,0,0,0,0,0,0.00,0.00,0.00,0.00,0.00,0.0,0.0,0.0,0.0,0.00,0.00,0.00,0.00,0.00,Matches
174,David de Gea\7ba6d84e,es ESP,GK,Manchester Utd,31-143,1990,29,29,2610,29.0,0,0,0,0,0,0,0,0.00,0.00,0.00,0.00,0.00,0.0,0.0,0.0,0.0,0.00,0.00,0.00,0.00,0.00,Matches
175,Joe Gelhardt\01962d0d,eng ENG,FWMF,Leeds United,19-330,2002,13,2,467,5.2,2,1,2,0,0,4,0,0.39,0.19,0.58,0.39,0.58,2.2,2.2,0.4,2.6,0.42,0.07,0.50,0.42,0.50,Matches
176,Anwar El Ghazi\ffa90327,nl NED,FW,Everton,26-331,1995,2,0,13,0.1,0,0,0,0,0,0,0,0.00,0.00,0.00,0.00,0.00,0.0,0.0,0.0,0.0,0.00,0.00,0.00,0.00,0.00,Matches
177,Anwar El Ghazi\ffa90327,nl NED,FWMF,Aston Villa,26-331,1995,9,4,386,4.3,1,1,0,1,1,2,0,0.23,0.23,0.47,0.00,0.23,1.1,0.3,0.4,0.7,0.25,0.09,0.33,0.07,0.16,Matches
178,Saman Ghoddos\f7b1d4e0,ir IRN,MFDF,Brentford,28-205,1993,15,3,434,4.8,1,1,1,0,0,2,0,0.21,0.21,0.41,0.21,0.41,0.6,0.6,1.2,1.9,0.13,0.25,0.38,0.13,0.38,Matches
179,Dimitris Giannoulis\112c495e,gr GRE,DF,Norwich City,26-164,1995,11,7,546,6.1,0,1,0,0,0,1,0,0.00,0.16,0.16,0.00,0.16,0.1,0.1,0.3,0.4,0.01,0.05,0.06,0.01,0.06,Matches
180,Morgan Gibbs-White\32f60ed8,eng ENG,FWMF,Wolves,22-062,2000,2,0,9,0.1,0,0,0,0,0,1,0,0.00,0.00,0.00,0.00,0.00,0.1,0.1,0.0,0.1,1.22,0.00,1.22,1.22,1.22,Matches
181,Ben Gibson\bcfb0142,eng ENG,DF,Norwich City,29-074,1993,24,24,2134,23.7,0,0,0,0,0,5,1,0.00,0.00,0.00,0.00,0.00,1.2,1.2,0.0,1.2,0.05,0.00,0.05,0.05,0.05,Matches
182,Billy Gilmour\df10e27c,sct SCO,MF,Norwich City,20-292,2001,18,16,1416,15.7,0,1,0,0,0,2,0,0.00,0.06,0.06,0.00,0.06,0.7,0.7,1.9,2.6,0.04,0.12,0.17,0.04,0.17,Matches
183,Ben Godfrey\9f7c837d,eng ENG,DF,Everton,24-074,1998,19,19,1669,18.5,0,0,0,0,0,5,0,0.00,0.00,0.00,0.00,0.00,1.1,1.1,0.7,1.8,0.06,0.04,0.10,0.06,0.10,Matches
184,André Gomes\1961b2aa,pt POR,MF,Everton,28-243,1993,12,5,503,5.6,0,1,0,0,0,3,0,0.00,0.18,0.18,0.00,0.18,0.6,0.6,0.2,0.8,0.11,0.04,0.15,0.11,0.15,Matches
185,Toti Gomes\f0caab96,pt POR,DF,Wolves,23-073,1999,2,2,180,2.0,0,0,0,0,0,1,0,0.00,0.00,0.00,0.00,0.00,0.0,0.0,0.0,0.0,0.00,0.00,0.00,0.00,0.00,Matches
186,Joe Gomez\7a11550b,eng ENG,DF,Liverpool,24-311,1997,5,1,106,1.2,0,0,0,0,0,0,0,0.00,0.00,0.00,0.00,0.00,0.0,0.0,0.0,0.0,0.00,0.01,0.01,0.00,0.01,Matches
187,Charlie Goode\7aee4dd3,eng ENG,DF,Brentford,26-239,1995,6,4,450,5.0,0,0,0,0,0,3,0,0.00,0.00,0.00,0.00,0.00,0.1,0.1,0.3,0.5,0.03,0.07,0.10,0.03,0.10,Matches
188,Anthony Gordon\2bd83368,eng ENG,MFFW,Everton,21-034,2001,24,16,1505,16.7,3,2,3,0,0,2,0,0.18,0.12,0.30,0.18,0.30,2.4,2.4,1.8,4.1,0.14,0.11,0.25,0.14,0.25,Matches
189,Kaide Gordon\19a9cb70,eng ENG,FW,Liverpool,17-176,2004,1,0,9,0.1,0,0,0,0,0,0,0,0.00,0.00,0.00,0.00,0.00,0.4,0.4,0.0,0.4,4.48,0.00,4.48,4.48,4.48,Matches
190,Dan Gosling\7fec31a0,eng ENG,MF,Watford,32-057,1990,1,0,22,0.2,0,0,0,0,0,0,0,0.00,0.00,0.00,0.00,0.00,0.0,0.0,0.0,0.0,0.00,0.00,0.00,0.00,0.00,Matches
191,Demarai Gray\4468ec10,eng ENG,MFFW,Everton,25-275,1996,23,21,1692,18.8,5,2,5,0,0,3,0,0.27,0.11,0.37,0.27,0.37,3.2,3.2,2.7,5.9,0.17,0.14,0.31,0.17,0.31,Matches
192,Jack Grealish\b0b4fd3e,eng ENG,FW,Manchester City,26-201,1995,19,17,1446,16.1,2,2,2,0,0,2,0,0.12,0.12,0.25,0.12,0.25,4.1,4.1,5.0,9.1,0.26,0.31,0.57,0.26,0.57,Matches
193,Mason Greenwood\58eee997,eng ENG,FWMF,Manchester Utd,20-180,2001,18,16,1271,14.1,5,1,5,0,0,1,0,0.35,0.07,0.42,0.35,0.42,4.4,4.4,1.6,6.0,0.31,0.11,0.42,0.31,0.42,Matches
194,Sam Greenwood\f3354c07,eng ENG,FWMF,Leeds United,20-063,2002,2,0,81,0.9,0,1,0,0,0,0,0,0.00,1.11,1.11,0.00,1.11,0.1,0.1,0.2,0.3,0.08,0.22,0.30,0.08,0.30,Matches
195,Pascal Groß\8aec0537,de GER,MFDF,Brighton,30-288,1991,20,17,1376,15.3,0,3,0,0,1,0,0,0.00,0.20,0.20,0.00,0.20,2.1,1.3,3.2,4.5,0.14,0.21,0.35,0.09,0.30,Matches
196,Vicente Guaita\ab13a5aa,es ESP,GK,Crystal Palace,35-079,1987,24,24,2115,23.5,0,0,0,0,0,2,0,0.00,0.00,0.00,0.00,0.00,0.0,0.0,0.0,0.0,0.00,0.00,0.00,0.00,0.00,Matches
197,Marc Guéhi\d0706b27,eng ENG,DF,Crystal Palace,21-260,2000,28,28,2520,28.0,2,0,2,0,0,4,0,0.07,0.00,0.07,0.07,0.07,1.6,1.6,0.4,2.0,0.06,0.01,0.07,0.06,0.07,Matches
198,Bruno Guimarães\82518f62,br BRA,MF,Newcastle Utd,24-134,1997,8,3,290,3.2,1,0,1,0,0,1,0,0.31,0.00,0.31,0.31,0.31,0.9,0.9,0.5,1.3,0.27,0.14,0.41,0.27,0.41,Matches
199,İlkay Gündoğan\819b3158,de GER,MF,Manchester City,31-157,1990,20,15,1350,15.0,5,4,5,0,0,1,0,0.33,0.27,0.60,0.33,0.60,6.5,6.5,3.9,10.4,0.44,0.26,0.69,0.44,0.69,Matches
200,Angus Gunn\e082af5b,eng ENG,GK,Norwich City,26-067,1996,7,7,630,7.0,0,0,0,0,0,0,0,0.00,0.00,0.00,0.00,0.00,0.0,0.0,0.0,0.0,0.00,0.00,0.00,0.00,0.00,Matches
201,Grant Hanley\e9254eec,sct SCO,DF,Norwich City,30-130,1991,24,24,2087,23.2,1,0,1,0,0,2,0,0.04,0.00,0.04,0.04,0.04,1.2,1.2,0.2,1.4,0.05,0.01,0.06,0.05,0.06,Matches
202,Jack Harrison\aa849a12,eng ENG,FWMF,Leeds United,25-130,1996,27,24,1973,21.9,5,1,5,0,0,3,0,0.23,0.05,0.27,0.23,0.27,3.2,3.2,2.2,5.4,0.15,0.10,0.25,0.15,0.25,Matches
203,Kortney Hause\bf8fad51,eng ENG,DF,Aston Villa,26-257,1995,7,4,397,4.4,1,0,1,0,0,0,0,0.23,0.00,0.23,0.23,0.23,0.1,0.1,0.0,0.1,0.02,0.00,0.02,0.02,0.02,Matches
204,Kai Havertz\fed7cb61,de GER,FWMF,Chelsea,22-292,1999,20,16,1305,14.5,6,2,6,0,0,2,0,0.41,0.14,0.55,0.41,0.55,5.5,5.5,1.1,6.6,0.38,0.08,0.45,0.38,0.45,Matches
205,Isaac Hayden\c951a6df,eng ENG,MFDF,Newcastle Utd,27-008,1995,14,12,1002,11.1,1,0,1,0,0,5,0,0.09,0.00,0.09,0.09,0.09,0.4,0.4,0.1,0.5,0.04,0.01,0.05,0.04,0.05,Matches
206,Hwang Hee-chan\169fd162,kr KOR,FWMF,Wolves,26-063,1996,22,16,1354,15.0,5,1,5,0,0,1,0,0.33,0.07,0.40,0.33,0.40,3.0,3.0,1.4,4.4,0.20,0.09,0.29,0.20,0.29,Matches
207,Jordan Henderson\935e6b8f,eng ENG,MF,Liverpool,31-286,1990,26,23,2003,22.3,2,5,2,0,0,3,0,0.09,0.22,0.31,0.09,0.31,1.4,1.4,3.4,4.8,0.06,0.15,0.22,0.06,0.22,Matches
208,Jeff Hendrick\989d5705,ie IRL,MF,Newcastle Utd,30-058,1992,3,0,72,0.8,1,0,1,0,0,0,0,1.25,0.00,1.25,1.25,1.25,0.0,0.0,0.0,0.1,0.04,0.06,0.10,0.04,0.10,Matches
209,Wayne Hennessey\76eca7e2,wls WAL,GK,Burnley,35-065,1987,2,2,180,2.0,0,0,0,0,0,0,0,0.00,0.00,0.00,0.00,0.00,0.0,0.0,0.1,0.1,0.00,0.06,0.06,0.00,0.06,Matches
210,Rico Henry\8a3c1dc7,eng ENG,DF,Brentford,24-265,1997,26,25,2087,23.2,2,0,2,0,0,2,0,0.09,0.00,0.09,0.09,0.09,1.5,1.5,0.7,2.2,0.06,0.03,0.09,0.06,0.09,Matches
211,Son Heung-min\92e7e919,kr KOR,FWMF,Tottenham,29-265,1992,26,26,2242,24.9,13,5,13,0,0,1,0,0.52,0.20,0.72,0.52,0.72,10.4,10.4,6.7,17.2,0.42,0.27,0.69,0.42,0.69,Matches
212,Ki-Jana Hoever\9a71e978,nl NED,DF,Wolves,20-071,2002,8,4,308,3.4,0,0,0,0,0,1,0,0.00,0.00,0.00,0.00,0.00,0.0,0.0,0.0,0.1,0.01,0.01,0.02,0.01,0.02,Matches
213,Rob Holding\d79a8c87,eng ENG,DF,Arsenal,26-191,1995,9,4,436,4.8,0,0,0,0,0,2,0,0.00,0.00,0.00,0.00,0.00,0.2,0.2,0.0,0.2,0.04,0.00,0.04,0.04,0.04,Matches
214,Mason Holgate\d0042ab9,eng ENG,DF,Everton,25-159,1996,16,14,1328,14.8,0,0,0,0,0,3,1,0.00,0.00,0.00,0.00,0.00,0.4,0.4,0.0,0.4,0.03,0.00,0.03,0.03,0.03,Matches
215,Callum Hudson-Odoi\15f3ec41,eng ENG,FWMF,Chelsea,21-143,2000,15,11,962,10.7,1,2,1,0,0,1,0,0.09,0.19,0.28,0.09,0.28,2.1,2.1,2.3,4.4,0.20,0.21,0.41,0.20,0.41,Matches
216,Will Hughes\a0666d3e,eng ENG,MF,Crystal Palace,26-347,1995,12,10,818,9.1,0,1,0,0,0,3,0,0.00,0.11,0.11,0.00,0.11,0.1,0.1,0.6,0.7,0.01,0.07,0.08,0.01,0.08,Matches
217,Pierre Højbjerg\8b04d6c1,dk DEN,MF,Tottenham,26-237,1995,27,27,2386,26.5,2,2,2,0,0,2,0,0.08,0.08,0.15,0.08,0.15,1.7,1.7,1.8,3.5,0.06,0.07,0.13,0.06,0.13,Matches
218,Adam Idah\291e3ec3,ie IRL,FWMF,Norwich City,21-019,2001,17,6,625,6.9,1,1,1,0,0,0,0,0.14,0.14,0.29,0.14,0.29,2.0,2.0,0.6,2.6,0.28,0.09,0.37,0.28,0.37,Matches
219,Kelechi Iheanacho\c92e1a31,ng NGA,FW,Leicester City,25-178,1996,19,8,829,9.2,2,5,2,0,0,1,0,0.22,0.54,0.76,0.22,0.76,2.5,2.5,2.4,4.9,0.27,0.26,0.54,0.27,0.54,Matches
220,Danny Ings\07802f7f,eng ENG,FW,Aston Villa,29-250,1992,23,18,1524,16.9,5,5,4,1,1,2,0,0.30,0.30,0.59,0.24,0.53,4.6,3.9,1.6,5.4,0.27,0.09,0.37,0.23,0.32,Matches
221,Tim Iroegbunam\84c5ceea,eng ENG,MF,Aston Villa,18-273,2003,1,0,5,0.1,0,0,0,0,0,0,0,0.00,0.00,0.00,0.00,0.00,0.0,0.0,0.0,0.0,0.00,0.00,0.00,0.00,0.00,Matches
222,Alex Iwobi\6ca5ec4b,ng NGA,MFFW,Everton,25-331,1996,17,11,1045,11.6,2,1,2,0,0,1,0,0.17,0.09,0.26,0.17,0.26,1.5,1.5,1.4,2.9,0.13,0.12,0.25,0.13,0.25,Matches
223,Daniel James\c931d9f9,wls WAL,FWMF,Leeds United,24-140,1997,26,24,2025,22.5,4,3,4,0,0,6,0,0.18,0.13,0.31,0.18,0.31,5.0,5.0,2.4,7.4,0.22,0.11,0.33,0.22,0.33,Matches
224,Daniel James\c931d9f9,wls WAL,FW,Manchester Utd,24-140,1997,2,2,126,1.4,0,0,0,0,0,0,0,0.00,0.00,0.00,0.00,0.00,0.2,0.2,0.0,0.3,0.17,0.01,0.19,0.17,0.19,Matches
225,Reece James\1265a93a,eng ENG,DF,Chelsea,22-112,1999,17,15,1183,13.1,5,6,5,0,0,4,1,0.38,0.46,0.84,0.38,0.84,2.0,2.0,4.3,6.2,0.15,0.32,0.47,0.15,0.47,Matches
226,Vitaly Janelt\8449d35e,de GER,MF,Brentford,23-324,1998,24,21,1781,19.8,2,0,2,0,0,3,0,0.10,0.00,0.10,0.10,0.10,2.0,2.0,1.5,3.5,0.10,0.08,0.18,0.10,0.18,Matches
227,Pontus Jansson\172e52d8,se SWE,DF,Brentford,31-045,1991,30,30,2691,29.9,1,1,1,0,0,6,0,0.03,0.03,0.07,0.03,0.07,1.9,1.9,0.4,2.3,0.06,0.01,0.08,0.06,0.08,Matches
228,Mathias Jensen\0f134faf,dk DEN,MF,Brentford,26-088,1996,23,15,1223,13.6,0,1,0,0,0,0,0,0.00,0.07,0.07,0.00,0.07,1.4,1.4,3.0,4.3,0.10,0.22,0.32,0.10,0.32,Matches
229,Gabriel Jesus\b66315ae,br BRA,FW,Manchester City,24-361,1997,20,15,1338,14.9,2,7,2,0,0,0,0,0.13,0.47,0.61,0.13,0.61,5.3,5.3,3.4,8.7,0.36,0.23,0.59,0.36,0.59,Matches
230,Raúl Jiménez\b561db50,mx MEX,FW,Wolves,30-329,1991,28,25,2155,23.9,6,3,5,1,1,9,2,0.25,0.13,0.38,0.21,0.33,6.1,5.6,2.0,7.6,0.26,0.08,0.34,0.23,0.32,Matches
231,Joelinton\c17bfb65,br BRA,MFFW,Newcastle Utd,25-228,1996,26,21,1884,20.9,2,1,2,0,0,6,0,0.10,0.05,0.14,0.10,0.14,2.7,2.7,1.3,4.0,0.13,0.06,0.19,0.13,0.19,Matches
232,Ben Johnson\9319781b,eng ENG,DF,West Ham,22-065,2000,16,14,1206,13.4,1,0,1,0,0,1,0,0.07,0.00,0.07,0.07,0.07,0.1,0.1,0.6,0.7,0.01,0.04,0.05,0.01,0.05,Matches
233,Curtis Jones\4fb9c88f,eng ENG,MF,Liverpool,21-059,2001,12,7,639,7.1,1,1,1,0,0,0,0,0.14,0.14,0.28,0.14,0.28,0.7,0.7,0.5,1.1,0.09,0.06,0.16,0.09,0.16,Matches
234,Phil Jones\def899bd,eng ENG,DF,Manchester Utd,30-037,1992,1,1,90,1.0,0,0,0,0,0,0,0,0.00,0.00,0.00,0.00,0.00,0.0,0.0,0.0,0.0,0.00,0.02,0.02,0.00,0.02,Matches
235,Jorginho\45db685d,it ITA,MF,Chelsea,30-100,1991,24,21,1868,20.8,6,2,0,6,6,4,0,0.29,0.10,0.39,0.00,0.10,5.0,0.4,2.4,2.8,0.24,0.12,0.36,0.02,0.14,Matches
236,Diogo Jota\178ae8f8,pt POR,FW,Liverpool,25-116,1996,26,20,1750,19.4,13,1,13,0,0,2,0,0.67,0.05,0.72,0.67,0.72,13.0,13.0,4.1,17.1,0.67,0.21,0.88,0.67,0.88,Matches
237,James Justin\fb614c44,eng ENG,DF,Leicester City,24-035,1998,6,4,368,4.1,0,0,0,0,0,0,0,0.00,0.00,0.00,0.00,0.00,0.5,0.5,0.6,1.1,0.13,0.14,0.27,0.13,0.27,Matches
238,Mathias Jørgensen\0db5d2c8,dk DEN,DF,Brentford,31-341,1990,7,5,428,4.8,1,0,1,0,0,2,0,0.21,0.00,0.21,0.21,0.21,0.1,0.1,0.1,0.2,0.02,0.02,0.04,0.02,0.04,Matches
239,Ozan Kabak\2d61d13a,tr TUR,DF,Norwich City,22-005,2000,11,11,922,10.2,0,0,0,0,0,2,0,0.00,0.00,0.00,0.00,0.00,0.2,0.2,0.0,0.2,0.02,0.00,0.02,0.02,0.02,Matches
240,Christian Kabasele\914ab9a1,be BEL,DF,Watford,31-034,1991,8,4,473,5.3,0,0,0,0,0,0,0,0.00,0.00,0.00,0.00,0.00,0.3,0.3,0.0,0.3,0.06,0.01,0.07,0.06,0.07,Matches
241,Samuel Kalu\b8d22478,ng NGA,FWMF,Watford,24-216,1997,2,0,47,0.5,0,0,0,0,0,0,0,0.00,0.00,0.00,0.00,0.00,0.0,0.0,0.0,0.0,0.04,0.00,0.04,0.04,0.04,Matches
242,Hassane Kamara\19a12bed,ci CIV,DF,Watford,27-192,1994,11,11,983,10.9,0,0,0,0,0,2,0,0.00,0.00,0.00,0.00,0.00,0.1,0.1,0.4,0.4,0.01,0.03,0.04,0.01,0.04,Matches
243,Harry Kane\21a66f6a,eng ENG,FW,Tottenham,28-245,1993,28,27,2422,26.9,12,5,10,2,2,3,0,0.45,0.19,0.63,0.37,0.56,14.7,13.2,6.1,19.3,0.55,0.23,0.78,0.49,0.72,Matches
244,N'Golo Kanté\b9fbae28,fr FRA,MF,Chelsea,31-001,1991,19,14,1197,13.3,2,3,2,0,0,1,0,0.15,0.23,0.38,0.15,0.38,1.2,1.2,1.5,2.7,0.09,0.11,0.20,0.09,0.20,Matches
245,Edo Kayembe\f99b71de,cd COD,MF,Watford,23-239,1998,7,5,415,4.6,0,0,0,0,0,0,0,0.00,0.00,0.00,0.00,0.00,0.1,0.1,0.2,0.3,0.01,0.05,0.06,0.01,0.06,Matches
246,Moise Kean\3d50bcdb,it ITA,FW,Everton,22-030,2000,1,0,1,0.0,0,0,0,0,0,0,0,0.00,0.00,0.00,0.00,0.00,0.0,0.0,0.0,0.0,0.00,0.00,0.00,0.00,0.00,Matches
247,Michael Keane\c5b7c315,eng ENG,DF,Everton,29-078,1993,25,25,2205,24.5,2,2,2,0,0,1,0,0.08,0.08,0.16,0.08,0.16,0.9,0.9,0.6,1.5,0.04,0.02,0.06,0.04,0.06,Matches
248,Naby Keïta\f25c8e3a,gn GUI,MF,Liverpool,27-048,1995,15,10,830,9.2,2,1,2,0,0,1,0,0.22,0.11,0.33,0.22,0.33,1.2,1.2,1.1,2.4,0.13,0.12,0.26,0.13,0.26,Matches
249,Caoimhín Kelleher\62d7ef38,ie IRL,GK,Liverpool,23-127,1998,2,2,180,2.0,0,0,0,0,0,0,0,0.00,0.00,0.00,0.00,0.00,0.0,0.0,0.0,0.0,0.00,0.00,0.00,0.00,0.00,Matches
250,Jonjoe Kenny\099e666f,eng ENG,DF,Everton,25-015,1997,9,8,703,7.8,0,1,0,0,0,3,1,0.00,0.13,0.13,0.00,0.13,0.3,0.3,0.3,0.5,0.04,0.03,0.07,0.04,0.07,Matches
251,Max Kilman\d0f72bf1,eng ENG,DF,Wolves,24-311,1997,28,28,2507,27.9,1,0,1,0,0,3,0,0.04,0.00,0.04,0.04,0.04,1.0,1.0,0.0,1.0,0.04,0.00,0.04,0.04,0.04,Matches
252,Joshua King\43458538,no NOR,FW,Watford,30-074,1992,26,24,1967,21.9,5,3,4,1,1,4,0,0.23,0.14,0.37,0.18,0.32,7.7,6.9,3.1,10.0,0.35,0.14,0.49,0.32,0.46,Matches
253,Kristoffer Klaesson\3f70db80,no NOR,GK,Leeds United,21-123,2000,1,0,36,0.4,0,0,0,0,0,0,0,0.00,0.00,0.00,0.00,0.00,0.0,0.0,0.0,0.0,0.00,0.00,0.00,0.00,0.00,Matches
254,Mateusz Klich\282679b4,pl POL,MF,Leeds United,31-290,1990,25,20,1650,18.3,1,2,1,0,0,4,0,0.05,0.11,0.16,0.05,0.16,2.3,2.3,2.0,4.4,0.13,0.11,0.24,0.13,0.24,Matches
255,Robin Koch\ea6bc03a,de GER,MFDF,Leeds United,25-256,1996,13,11,1012,11.2,0,0,0,0,0,3,0,0.00,0.00,0.00,0.00,0.00,0.4,0.4,0.5,1.0,0.04,0.05,0.09,0.04,0.09,Matches
256,Sead Kolašinac\3935e52e,ba BIH,DF,Arsenal,28-283,1993,2,1,91,1.0,0,0,0,0,0,1,0,0.00,0.00,0.00,0.00,0.00,0.0,0.0,0.0,0.0,0.00,0.00,0.00,0.00,0.00,Matches
257,Ibrahima Konaté\5ed9b537,fr FRA,DF,Liverpool,22-309,1999,8,8,720,8.0,0,0,0,0,0,2,0,0.00,0.00,0.00,0.00,0.00,0.1,0.1,0.1,0.2,0.01,0.01,0.03,0.01,0.03,Matches
258,Ezri Konsa\0313a347,eng ENG,DF,Aston Villa,24-158,1997,23,23,1978,22.0,2,0,2,0,0,5,2,0.09,0.00,0.09,0.09,0.09,1.4,1.4,0.3,1.6,0.06,0.01,0.07,0.06,0.07,Matches
259,Cheikhou Kouyaté\8d3c902d,sn SEN,MF,Crystal Palace,32-099,1989,22,19,1665,18.5,0,1,0,0,0,2,0,0.00,0.05,0.05,0.00,0.05,0.5,0.5,0.7,1.2,0.03,0.04,0.06,0.03,0.06,Matches
260,Mateo Kovačić\79c0821a,hr CRO,MF,Chelsea,27-328,1994,20,13,1277,14.2,2,5,2,0,0,4,0,0.14,0.35,0.49,0.14,0.49,1.3,1.3,2.8,4.0,0.09,0.20,0.28,0.09,0.28,Matches
261,Emil Krafth\77cf6852,se SWE,DF,Newcastle Utd,27-240,1994,13,11,1033,11.5,0,1,0,0,0,4,0,0.00,0.09,0.09,0.00,0.09,0.2,0.2,0.6,0.8,0.02,0.05,0.07,0.02,0.07,Matches
262,Alex Král\e717705a,cz CZE,MF,West Ham,23-315,1998,1,0,1,0.0,0,0,0,0,0,0,0,0.00,0.00,0.00,0.00,0.00,0.0,0.0,0.0,0.0,0.00,0.00,0.00,0.00,0.00,Matches
263,Tim Krul\f23f9d20,nl NED,GK,Norwich City,33-361,1988,22,22,1980,22.0,0,0,0,0,0,1,0,0.00,0.00,0.00,0.00,0.00,0.0,0.0,0.4,0.4,0.00,0.02,0.02,0.00,0.02,Matches
264,Juraj Kucka\5aaef9ef,sk SVK,MF,Watford,35-032,1987,22,18,1586,17.6,1,1,1,0,0,4,1,0.06,0.06,0.11,0.06,0.11,2.0,2.0,1.0,3.0,0.12,0.06,0.17,0.12,0.17,Matches
265,Dejan Kulusevski\df3cda47,se SWE,MFFW,Tottenham,21-339,2000,9,7,680,7.6,2,4,2,0,0,1,0,0.26,0.53,0.79,0.26,0.79,2.4,2.4,2.3,4.7,0.32,0.31,0.62,0.32,0.62,Matches
266,Alexandre Lacazette\9dbb75ca,fr FRA,FWMF,Arsenal,30-306,1991,23,18,1529,17.0,4,7,2,2,3,0,0,0.24,0.41,0.65,0.12,0.53,7.6,5.4,1.9,7.3,0.45,0.11,0.56,0.32,0.43,Matches
267,Adam Lallana\99813635,eng ENG,MF,Brighton,33-324,1988,21,18,1514,16.8,0,1,0,0,0,4,0,0.00,0.06,0.06,0.00,0.06,1.2,1.2,0.7,1.9,0.07,0.04,0.11,0.07,0.11,Matches
268,Tariq Lamptey\f4e433d4,eng ENG,DFFW,Brighton,21-181,2000,22,13,1277,14.2,0,2,0,0,0,2,0,0.00,0.14,0.14,0.00,0.14,0.6,0.6,1.9,2.4,0.04,0.13,0.17,0.04,0.17,Matches
269,Manuel Lanzini\26f6dca8,ar ARG,MF,West Ham,29-043,1993,23,13,1323,14.7,4,2,2,2,2,2,0,0.27,0.14,0.41,0.14,0.27,2.5,1.0,1.9,2.9,0.17,0.13,0.30,0.07,0.20,Matches
270,Aymeric Laporte\119b9a8e,es ESP,DF,Manchester City,27-307,1994,24,24,2080,23.1,3,0,3,0,0,5,1,0.13,0.00,0.13,0.13,0.13,3.5,3.5,0.3,3.8,0.15,0.01,0.16,0.15,0.16,Matches
271,Jamaal Lascelles\450ab6fc,eng ENG,DF,Newcastle Utd,28-139,1993,20,19,1695,18.8,1,0,1,0,0,5,0,0.05,0.00,0.05,0.05,0.05,0.7,0.7,0.3,0.9,0.04,0.01,0.05,0.04,0.05,Matches
272,Pierre Lees-Melou\f5044e54,fr FRA,MF,Norwich City,28-309,1993,24,18,1606,17.8,0,0,0,0,0,4,0,0.00,0.00,0.00,0.00,0.00,1.1,1.1,1.3,2.4,0.06,0.07,0.14,0.06,0.14,Matches
273,Aaron Lennon\2ff964a0,eng ENG,MFFW,Burnley,34-348,1987,18,12,1073,11.9,2,0,2,0,0,2,0,0.17,0.00,0.17,0.17,0.17,0.6,0.6,0.3,0.9,0.05,0.02,0.07,0.05,0.07,Matches
274,Bernd Leno\2628fd2b,de GER,GK,Arsenal,30-026,1992,4,4,360,4.0,0,0,0,0,0,0,0,0.00,0.00,0.00,0.00,0.00,0.0,0.0,0.0,0.0,0.00,0.00,0.00,0.00,0.00,Matches
275,Jamal Lewis\efb9215a,nir NIR,DF,Newcastle Utd,24-064,1998,5,4,262,2.9,0,0,0,0,0,1,0,0.00,0.00,0.00,0.00,0.00,0.0,0.0,0.0,0.0,0.00,0.01,0.01,0.00,0.01,Matches
276,Victor Lindelöf\f5deef4c,se SWE,DF,Manchester Utd,27-256,1994,20,18,1635,18.2,0,2,0,0,0,2,0,0.00,0.11,0.11,0.00,0.11,0.2,0.2,0.5,0.7,0.01,0.03,0.04,0.01,0.04,Matches
277,Jesse Lingard\810e3c74,eng ENG,FW,Manchester Utd,29-105,1992,13,1,210,2.3,2,0,2,0,0,1,0,0.86,0.00,0.86,0.86,0.86,0.3,0.3,0.2,0.5,0.15,0.07,0.22,0.15,0.22,Matches
278,Valentino Livramento\afed6722,eng ENG,DF,Southampton,19-138,2002,23,22,1995,22.2,1,1,1,0,0,2,0,0.05,0.05,0.09,0.05,0.09,1.1,1.1,2.0,3.1,0.05,0.09,0.14,0.05,0.14,Matches
279,Diego Llorente\bba30585,es ESP,DF,Leeds United,28-226,1993,21,21,1710,19.0,2,0,2,0,0,6,0,0.11,0.00,0.11,0.11,0.11,0.8,0.8,0.1,0.9,0.04,0.00,0.05,0.04,0.05,Matches
280,Hugo Lloris\8f62b6ee,fr FRA,GK,Tottenham,35-094,1986,29,29,2610,29.0,0,0,0,0,0,1,0,0.00,0.00,0.00,0.00,0.00,0.0,0.0,0.5,0.5,0.00,0.02,0.02,0.00,0.02,Matches
281,Giovani Lo Celso\d7553721,ar ARG,MFFW,Tottenham,25-355,1996,9,2,238,2.6,0,0,0,0,0,0,0,0.00,0.00,0.00,0.00,0.00,0.7,0.7,0.6,1.4,0.28,0.24,0.52,0.28,0.52,Matches
282,Jürgen Locadia\6cc47ae1,nl NED,FW,Brighton,28-143,1993,1,0,23,0.3,0,0,0,0,0,0,0,0.00,0.00,0.00,0.00,0.00,0.1,0.1,0.0,0.1,0.45,0.00,0.45,0.45,0.45,Matches
283,Ruben Loftus-Cheek\e97fd090,eng ENG,MF,Chelsea,26-066,1996,15,7,780,8.7,0,2,0,0,0,1,0,0.00,0.23,0.23,0.00,0.23,0.9,0.9,0.9,1.8,0.11,0.10,0.21,0.11,0.21,Matches
284,Shane Long\9f472354,ie IRL,FWMF,Southampton,35-067,1987,8,1,140,1.6,1,0,1,0,0,0,0,0.64,0.00,0.64,0.64,0.64,0.4,0.4,0.0,0.5,0.29,0.03,0.32,0.29,0.32,Matches
285,Sean Longstaff\a2b105e0,eng ENG,MF,Newcastle Utd,24-151,1997,18,11,1100,12.2,1,1,1,0,0,1,0,0.08,0.08,0.16,0.08,0.16,1.1,1.1,0.4,1.5,0.09,0.03,0.12,0.09,0.12,Matches
286,Ademola Lookman\7c104bb7,ng NGA,FWMF,Leicester City,24-161,1997,19,12,1139,12.7,4,0,4,0,0,2,0,0.32,0.00,0.32,0.32,0.32,3.8,3.8,1.8,5.6,0.30,0.14,0.44,0.30,0.44,Matches
287,Jonas Lössl\939bc634,dk DEN,GK,Brentford,33-057,1989,2,2,180,2.0,0,0,0,0,0,0,0,0.00,0.00,0.00,0.00,0.00,0.0,0.0,0.0,0.0,0.00,0.00,0.00,0.00,0.00,Matches
288,Imran Louza\e1df6989,ma MAR,MF,Watford,22-333,1999,15,12,995,11.1,0,0,0,0,0,4,0,0.00,0.00,0.00,0.00,0.00,0.4,0.4,0.8,1.2,0.04,0.07,0.11,0.04,0.11,Matches
289,Matthew Lowton\9a9c05db,eng ENG,DF,Burnley,32-294,1989,18,17,1515,16.8,1,2,1,0,0,2,0,0.06,0.12,0.18,0.06,0.18,0.5,0.5,1.2,1.8,0.03,0.07,0.10,0.03,0.10,Matches
290,Douglas Luiz\6f7d826d,br BRA,MF,Aston Villa,23-325,1998,25,24,2063,22.9,1,3,1,0,0,6,0,0.04,0.13,0.17,0.04,0.17,1.3,1.3,2.0,3.3,0.05,0.09,0.14,0.05,0.14,Matches
291,Romelu Lukaku\5eae500a,be BEL,FW,Chelsea,28-321,1993,19,12,1212,13.5,5,0,5,0,0,0,0,0.37,0.00,0.37,0.37,0.37,4.5,4.5,2.2,6.7,0.34,0.16,0.50,0.34,0.50,Matches
292,Lyanco\b5bf1770,br BRA,DF,Southampton,25-057,1997,11,5,551,6.1,0,0,0,0,0,2,0,0.00,0.00,0.00,0.00,0.00,0.2,0.2,0.1,0.3,0.03,0.02,0.05,0.03,0.05,Matches
293,Alexis Mac Allister\83d074ff,ar ARG,MFFW,Brighton,23-096,1998,24,13,1337,14.9,4,2,3,1,1,3,0,0.27,0.13,0.40,0.20,0.34,3.3,2.6,1.2,3.7,0.23,0.08,0.30,0.17,0.25,Matches
294,James Maddison\ee38d9c5,eng ENG,MFFW,Leicester City,25-127,1996,26,20,1719,19.1,8,3,8,0,0,2,0,0.42,0.16,0.58,0.42,0.58,5.6,5.6,3.4,9.0,0.29,0.18,0.47,0.29,0.47,Matches
295,Harry Maguire\d8931174,eng ENG,DF,Manchester Utd,29-025,1993,24,23,2044,22.7,1,0,1,0,0,9,1,0.04,0.00,0.04,0.04,0.04,1.4,1.4,0.0,1.5,0.06,0.00,0.07,0.06,0.07,Matches
296,Riyad Mahrez\892d5bb1,dz ALG,FW,Manchester City,31-037,1991,22,12,1213,13.5,10,4,6,4,4,0,0,0.74,0.30,1.04,0.45,0.74,8.2,5.2,3.2,8.3,0.61,0.23,0.84,0.38,0.62,Matches
297,Ainsley Maitland-Niles\e3a5814e,eng ENG,MF,Arsenal,24-213,1997,8,2,268,3.0,0,0,0,0,0,0,0,0.00,0.00,0.00,0.00,0.00,0.0,0.0,0.3,0.4,0.01,0.12,0.13,0.01,0.13,Matches
298,Sadio Mané\c691bfe2,sn SEN,FW,Liverpool,29-354,1992,26,25,2227,24.7,12,1,12,0,0,3,0,0.48,0.04,0.53,0.48,0.53,14.3,14.3,3.6,17.9,0.58,0.14,0.72,0.58,0.72,Matches
299,Javier Manquillo\758dd7f0,es ESP,DF,Newcastle Utd,27-329,1994,18,14,1199,13.3,1,2,1,0,0,5,0,0.08,0.15,0.23,0.08,0.23,0.5,0.5,0.3,0.8,0.04,0.03,0.06,0.04,0.06,Matches
300,Fernando Marçal\9ae9eaea,br BRA,DF,Wolves,33-039,1989,16,15,1274,14.2,0,0,0,0,0,2,0,0.00,0.00,0.00,0.00,0.00,0.5,0.5,0.4,1.0,0.04,0.03,0.07,0.04,0.07,Matches
301,Solly March\bb5fbd2b,eng ENG,DFFW,Brighton,27-253,1994,23,11,1239,13.8,0,1,0,0,0,1,0,0.00,0.07,0.07,0.00,0.07,1.0,1.0,1.8,2.8,0.07,0.13,0.21,0.07,0.21,Matches
302,Pablo Marí\aa54ec6f,es ESP,DF,Arsenal,28-211,1993,2,2,180,2.0,0,0,0,0,0,1,0,0.00,0.00,0.00,0.00,0.00,0.3,0.3,0.1,0.4,0.15,0.05,0.21,0.15,0.21,Matches
303,Anthony Martial\8b788c01,fr FRA,FW,Manchester Utd,26-115,1995,8,2,212,2.4,1,0,1,0,0,0,0,0.42,0.00,0.42,0.42,0.42,0.4,0.4,0.1,0.6,0.19,0.06,0.25,0.19,0.25,Matches
304,Martinelli\48a5a5d6,br BRA,FWMF,Arsenal,20-285,2001,19,15,1246,13.8,5,3,5,0,0,3,1,0.36,0.22,0.58,0.36,0.58,4.3,4.3,1.5,5.9,0.31,0.11,0.42,0.31,0.42,Matches
305,Emiliano Martínez\7956236f,ar ARG,GK,Aston Villa,29-209,1992,28,28,2520,28.0,0,0,0,0,0,4,0,0.00,0.00,0.00,0.00,0.00,0.0,0.0,0.0,0.0,0.00,0.00,0.00,0.00,0.00,Matches
306,Adam Masina\de0f152c,ma MAR,DF,Watford,28-087,1994,11,11,866,9.6,0,0,0,0,0,0,0,0.00,0.00,0.00,0.00,0.00,0.2,0.2,0.5,0.7,0.02,0.05,0.08,0.02,0.08,Matches
307,Arthur Masuaku\57df7a11,cd COD,DFFW,West Ham,28-143,1993,12,5,560,6.2,1,1,1,0,0,1,0,0.16,0.16,0.32,0.16,0.32,0.1,0.1,0.9,1.0,0.02,0.14,0.16,0.02,0.16,Matches
308,Jean-Philippe Mateta\50e6dc35,fr FRA,FW,Crystal Palace,24-275,1997,14,7,652,7.2,3,1,3,0,0,1,0,0.41,0.14,0.55,0.41,0.55,2.5,2.5,1.1,3.6,0.34,0.15,0.50,0.34,0.50,Matches
309,Nemanja Matić\eb7822d7,rs SRB,MF,Manchester Utd,33-241,1988,15,10,916,10.2,0,2,0,0,0,2,0,0.00,0.20,0.20,0.00,0.20,0.1,0.1,0.9,1.0,0.01,0.08,0.10,0.01,0.10,Matches
310,Joël Matip\b217ef29,cm CMR,DF,Liverpool,30-234,1991,23,23,2070,23.0,1,2,1,0,0,1,0,0.04,0.09,0.13,0.04,0.13,1.9,1.9,0.8,2.7,0.08,0.03,0.12,0.08,0.12,Matches
311,Neal Maupay\4bcf39f6,fr FRA,FW,Brighton,25-228,1996,27,23,2047,22.7,8,2,7,1,1,6,0,0.35,0.09,0.44,0.31,0.40,6.2,5.5,2.1,7.5,0.27,0.09,0.36,0.24,0.33,Matches
312,Bryan Mbeumo\6afaebf2,fr FRA,FWMF,Brentford,22-235,1999,27,26,2229,24.8,3,4,2,1,1,4,0,0.12,0.16,0.28,0.08,0.24,7.1,6.4,2.2,8.6,0.29,0.09,0.38,0.26,0.35,Matches
313,James McArthur\cee31595,sct SCO,MF,Crystal Palace,34-174,1987,15,13,1165,12.9,0,2,0,0,0,3,0,0.00,0.15,0.15,0.00,0.15,0.3,0.3,0.9,1.2,0.02,0.07,0.09,0.02,0.09,Matches
314,James Mcatee\96593e89,eng ENG,MFFW,Manchester City,19-163,2002,2,0,20,0.2,0,0,0,0,0,0,0,0.00,0.00,0.00,0.00,0.00,0.0,0.0,0.0,0.0,0.19,0.00,0.19,0.19,0.19,Matches
315,Kasey McAteer\b2c66859,eng ENG,FW,Leicester City,20-128,2001,1,0,3,0.0,0,0,0,0,0,0,0,0.00,0.00,0.00,0.00,0.00,0.0,0.0,0.0,0.0,0.00,0.00,0.00,0.00,0.00,Matches
316,Liam McCarron\076bb352,sct SCO,FW,Leeds United,21-023,2001,1,0,10,0.1,0,0,0,0,0,0,0,0.00,0.00,0.00,0.00,0.00,0.0,0.0,0.0,0.0,0.00,0.00,0.00,0.00,0.00,Matches
317,Alex McCarthy\36c2ca73,eng ENG,GK,Southampton,32-117,1989,15,15,1350,15.0,0,0,0,0,0,1,0,0.00,0.00,0.00,0.00,0.00,0.0,0.0,0.0,0.0,0.00,0.00,0.00,0.00,0.00,Matches
318,John McGinn\90f91999,sct SCO,MF,Aston Villa,27-163,1994,26,26,2280,25.3,3,2,3,0,0,7,0,0.12,0.08,0.20,0.12,0.20,1.2,1.2,3.4,4.6,0.05,0.13,0.18,0.05,0.18,Matches
319,Stuart McKinstry\1000a059,sct SCO,MF,Leeds United,19-193,2002,1,0,4,0.0,0,0,0,0,0,0,0,0.00,0.00,0.00,0.00,0.00,0.0,0.0,0.0,0.0,0.00,0.00,0.00,0.00,0.00,Matches
320,Kenny McLean\471f16b3,sct SCO,MF,Norwich City,30-081,1992,27,25,2365,26.3,1,0,1,0,0,2,0,0.04,0.00,0.04,0.04,0.04,1.8,1.8,0.5,2.3,0.07,0.02,0.09,0.07,0.09,Matches
321,Dwight McNeil\fc15fb84,eng ENG,MF,Burnley,22-128,1999,27,26,2343,26.0,0,1,0,0,0,1,0,0.00,0.04,0.04,0.00,0.04,1.6,1.6,3.0,4.6,0.06,0.12,0.18,0.06,0.18,Matches
322,Scott McTominay\d93c2511,sct SCO,MF,Manchester Utd,25-112,1996,24,22,1883,20.9,1,1,1,0,0,8,0,0.05,0.05,0.10,0.05,0.10,0.9,0.9,1.4,2.2,0.04,0.07,0.11,0.04,0.11,Matches
323,Ben Mee\8df7a2fb,eng ENG,DF,Burnley,32-188,1989,21,21,1839,20.4,3,0,3,0,0,3,0,0.15,0.00,0.15,0.15,0.15,1.8,1.8,0.1,1.9,0.09,0.00,0.09,0.09,0.09,Matches
324,Benjamin Mendy\5271c8f1,fr FRA,DF,Manchester City,27-256,1994,1,1,78,0.9,0,0,0,0,0,0,0,0.00,0.00,0.00,0.00,0.00,0.0,0.0,0.3,0.3,0.00,0.30,0.30,0.00,0.30,Matches
325,Edouard Mendy\33887998,sn SEN,GK,Chelsea,30-029,1992,24,24,2160,24.0,0,0,0,0,0,3,0,0.00,0.00,0.00,0.00,0.00,0.0,0.0,0.0,0.0,0.00,0.00,0.00,0.00,0.00,Matches
326,Nampalys Mendy\1598599e,sn SEN,MF,Leicester City,29-280,1992,3,2,165,1.8,0,0,0,0,0,0,0,0.00,0.00,0.00,0.00,0.00,0.0,0.0,0.0,0.0,0.00,0.00,0.00,0.00,0.00,Matches
327,Illan Meslier\6b625ac2,fr FRA,GK,Leeds United,22-028,2000,30,30,2664,29.6,0,0,0,0,0,2,0,0.00,0.00,0.00,0.00,0.00,0.0,0.0,0.0,0.0,0.00,0.00,0.00,0.00,0.00,Matches
328,Luka Milivojević\2ce2508a,rs SRB,MF,Crystal Palace,30-357,1991,12,8,652,7.2,0,0,0,0,0,1,0,0.00,0.00,0.00,0.00,0.00,0.2,0.2,0.6,0.8,0.03,0.08,0.12,0.03,0.12,Matches
329,James Milner\2f90f6b8,eng ENG,MFDF,Liverpool,36-085,1986,19,7,635,7.1,0,1,0,0,0,2,0,0.00,0.14,0.14,0.00,0.14,0.2,0.2,1.4,1.7,0.03,0.20,0.24,0.03,0.24,Matches
330,Yerry Mina\6d5701f2,co COL,DF,Everton,27-188,1994,10,8,649,7.2,0,0,0,0,0,2,0,0.00,0.00,0.00,0.00,0.00,0.3,0.3,0.0,0.3,0.04,0.00,0.04,0.04,0.04,Matches
331,Takumi Minamino\f833a830,jp JPN,FWMF,Liverpool,27-073,1995,10,0,96,1.1,2,0,2,0,0,1,0,1.87,0.00,1.87,1.87,1.87,1.5,1.5,0.4,1.9,1.40,0.42,1.82,1.40,1.82,Matches
332,Tyrone Mings\8397a50c,eng ENG,DF,Aston Villa,29-017,1993,27,26,2379,26.4,1,3,1,0,0,9,0,0.04,0.11,0.15,0.04,0.15,1.2,1.2,1.2,2.4,0.05,0.04,0.09,0.05,0.09,Matches
333,Tyrick Mitchell\5cbd1eb0,eng ENG,DF,Crystal Palace,22-210,1999,29,29,2600,28.9,0,2,0,0,0,0,0,0.00,0.07,0.07,0.00,0.07,0.3,0.3,1.2,1.5,0.01,0.04,0.05,0.01,0.05,Matches
334,Jakub Moder\f230bc30,pl POL,MFFW,Brighton,22-357,1999,27,19,1696,18.8,0,3,0,0,0,1,0,0.00,0.16,0.16,0.00,0.16,2.4,2.4,1.7,4.1,0.13,0.09,0.22,0.13,0.22,Matches
335,Wesley Moraes\bfae110f,br BRA,FW,Aston Villa,25-124,1996,1,0,1,0.0,0,0,0,0,0,0,0,0.00,0.00,0.00,0.00,0.00,0.0,0.0,0.0,0.0,0.00,0.00,0.00,0.00,0.00,Matches
336,Tyler Morton\2bc28bb9,eng ENG,MF,Liverpool,19-150,2002,2,1,66,0.7,0,0,0,0,0,1,0,0.00,0.00,0.00,0.00,0.00,0.0,0.0,0.0,0.0,0.00,0.00,0.00,0.00,0.00,Matches
337,Mason Mount\9674002f,eng ENG,MFFW,Chelsea,23-079,1999,24,19,1667,18.5,8,7,7,1,1,2,0,0.43,0.38,0.81,0.38,0.76,6.7,6.0,4.7,10.7,0.36,0.26,0.62,0.32,0.58,Matches
338,Lucas Moura\2b622f01,br BRA,FWMF,Tottenham,29-229,1992,26,17,1541,17.1,2,4,2,0,0,3,0,0.12,0.23,0.35,0.12,0.35,3.3,3.3,3.1,6.4,0.20,0.18,0.37,0.20,0.37,Matches
339,João Moutinho\f5a00fa4,pt POR,MF,Wolves,35-203,1986,27,26,2256,25.1,2,1,2,0,0,2,0,0.08,0.04,0.12,0.08,0.12,0.8,0.8,2.2,3.0,0.03,0.09,0.12,0.03,0.12,Matches
340,Bali Mumba\2d760d7b,eng ENG,DF,Norwich City,20-173,2001,1,0,45,0.5,0,0,0,0,0,0,0,0.00,0.00,0.00,0.00,0.00,0.0,0.0,0.0,0.0,0.00,0.00,0.00,0.00,0.00,Matches
341,Jacob Murphy\de112b84,eng ENG,DFFW,Newcastle Utd,27-034,1995,24,12,1219,13.5,1,1,1,0,0,4,0,0.07,0.07,0.15,0.07,0.15,2.1,2.1,1.6,3.7,0.15,0.12,0.27,0.15,0.27,Matches
342,Enock Mwepu\1d5cab82,zm ZAM,MF,Brighton,24-088,1998,11,7,639,7.1,1,3,1,0,0,1,0,0.14,0.42,0.56,0.14,0.56,1.4,1.4,1.1,2.5,0.20,0.16,0.36,0.20,0.36,Matches
343,Vitaliy Mykolenko\30d4a2e5,ua UKR,DF,Everton,22-305,1999,3,2,180,2.0,0,0,0,0,0,0,0,0.00,0.00,0.00,0.00,0.00,0.0,0.0,0.2,0.2,0.00,0.10,0.10,0.00,0.10,Matches
344,Marvelous Nakamba\de5b5570,zw ZIM,MF,Aston Villa,28-070,1994,12,8,758,8.4,0,0,0,0,0,4,0,0.00,0.00,0.00,0.00,0.00,0.0,0.0,0.1,0.1,0.00,0.01,0.01,0.00,0.01,Matches
345,Wilfred Ndidi\6b47c5db,ng NGA,MFDF,Leicester City,25-104,1996,19,18,1618,18.0,0,0,0,0,0,4,0,0.00,0.00,0.00,0.00,0.00,1.0,1.0,0.0,1.0,0.06,0.00,0.06,0.06,0.06,Matches
346,Tanguy Ndombele\5cdddffa,fr FRA,MF,Tottenham,25-092,1996,9,6,484,5.4,1,1,1,0,0,1,0,0.19,0.19,0.37,0.19,0.37,0.5,0.5,0.4,0.9,0.09,0.07,0.16,0.09,0.16,Matches
347,Reiss Nelson\c5bdb6e3,eng ENG,FW,Arsenal,22-110,1999,1,0,20,0.2,0,0,0,0,0,0,0,0.00,0.00,0.00,0.00,0.00,0.0,0.0,0.0,0.1,0.16,0.18,0.35,0.16,0.35,Matches
348,Pedro Neto\7ba2eaa9,pt POR,MFFW,Wolves,22-021,2000,5,1,133,1.5,0,0,0,0,0,0,0,0.00,0.00,0.00,0.00,0.00,0.4,0.4,0.2,0.6,0.27,0.12,0.39,0.27,0.39,Matches
349,Rúben Neves\44bfb6c5,pt POR,MF,Wolves,25-017,1997,28,26,2270,25.2,4,2,4,0,0,9,0,0.16,0.08,0.24,0.16,0.24,1.1,1.1,1.8,2.8,0.04,0.07,0.11,0.04,0.11,Matches
350,Jeremy Ngakia\3631ad41,eng ENG,DF,Watford,21-204,2000,13,6,633,7.0,0,0,0,0,0,0,0,0.00,0.00,0.00,0.00,0.00,0.1,0.1,0.3,0.4,0.01,0.04,0.05,0.01,0.05,Matches
351,Saúl Ñíguez\c14bc029,es ESP,DFMF,Chelsea,27-129,1994,8,4,345,3.8,0,0,0,0,0,1,0,0.00,0.00,0.00,0.00,0.00,0.1,0.1,0.2,0.4,0.04,0.06,0.10,0.04,0.10,Matches
352,Eddie Nketiah\a53649b7,eng ENG,FWMF,Arsenal,22-304,1999,11,0,125,1.4,0,1,0,0,0,1,0,0.00,0.72,0.72,0.00,0.72,0.4,0.4,0.7,1.1,0.29,0.50,0.78,0.29,0.78,Matches
353,Nicolas Nkoulou\93cf32a8,cm CMR,DF,Watford,32-003,1990,3,2,168,1.9,0,0,0,0,0,0,0,0.00,0.00,0.00,0.00,0.00,0.0,0.0,0.0,0.0,0.00,0.01,0.01,0.00,0.01,Matches
354,Mark Noble\ff527768,eng ENG,MF,West Ham,34-326,1987,5,1,126,1.4,1,0,0,1,2,0,0,0.71,0.00,0.71,0.00,0.00,1.5,0.0,0.2,0.2,1.09,0.14,1.22,0.00,0.14,Matches
355,Mathias Normann\8996350d,no NOR,MF,Norwich City,25-306,1996,16,13,1069,11.9,1,1,1,0,0,4,0,0.08,0.08,0.17,0.08,0.17,0.8,0.8,0.4,1.2,0.06,0.04,0.10,0.06,0.10,Matches
356,Christian Nørgaard\df0a4c90,dk DEN,MF,Brentford,28-020,1994,29,29,2534,28.2,2,2,2,0,0,7,0,0.07,0.07,0.14,0.07,0.14,2.7,2.7,2.2,4.9,0.10,0.08,0.18,0.10,0.18,Matches
357,Angelo Ogbonna\74b2cd7e,it ITA,DF,West Ham,33-311,1988,11,11,921,10.2,1,0,1,0,0,1,0,0.10,0.00,0.10,0.10,0.10,0.3,0.3,0.0,0.3,0.03,0.00,0.03,0.03,0.03,Matches
358,Michael Olise\c4486bac,fr FRA,FWMF,Crystal Palace,20-108,2001,22,10,971,10.8,2,5,2,0,0,3,0,0.19,0.46,0.65,0.19,0.65,1.3,1.3,2.9,4.2,0.12,0.27,0.39,0.12,0.39,Matches
359,Andrew Omobamidele\c393a6c4,ie IRL,DF,Norwich City,19-280,2002,5,4,382,4.2,1,0,1,0,0,1,0,0.24,0.00,0.24,0.24,0.24,0.3,0.3,0.0,0.3,0.08,0.00,0.08,0.08,0.08,Matches
360,Tyler Onyango\d86a1f3e,eng ENG,MFFW,Everton,19-026,2003,3,0,28,0.3,0,0,0,0,0,0,0,0.00,0.00,0.00,0.00,0.00,0.0,0.0,0.0,0.0,0.10,0.00,0.10,0.10,0.10,Matches
361,Frank Onyeka\2944f86f,ng NGA,MF,Brentford,24-088,1998,20,12,1045,11.6,0,0,0,0,0,4,0,0.00,0.00,0.00,0.00,0.00,1.1,1.1,0.2,1.3,0.10,0.02,0.11,0.10,0.11,Matches
362,Divock Origi\43a166b4,be BEL,FW,Liverpool,26-346,1995,5,0,76,0.8,2,0,2,0,0,0,0,2.37,0.00,2.37,2.37,2.37,0.8,0.8,0.0,0.8,1.01,0.00,1.01,1.01,1.01,Matches
363,Alex Oxlade-Chamberlain\38c7feef,eng ENG,MFFW,Liverpool,28-227,1993,17,9,785,8.7,2,1,2,0,0,0,0,0.23,0.11,0.34,0.23,0.34,1.2,1.2,0.9,2.1,0.14,0.11,0.24,0.14,0.24,Matches
364,Cole Palmer\dc7f8a28,eng ENG,FWMF,Manchester City,19-328,2002,4,1,123,1.4,0,0,0,0,0,0,0,0.00,0.00,0.00,0.00,0.00,0.3,0.3,0.2,0.5,0.23,0.17,0.39,0.23,0.39,Matches
365,Emerson Palmieri\e0bc6fdc,it ITA,DF,Chelsea,27-239,1994,1,0,5,0.1,0,0,0,0,0,0,0,0.00,0.00,0.00,0.00,0.00,0.0,0.0,0.0,0.0,0.00,0.00,0.00,0.00,0.00,Matches
366,Thomas Partey\529f49ab,gh GHA,MF,Arsenal,28-290,1993,23,22,1954,21.7,2,1,2,0,0,5,0,0.09,0.05,0.14,0.09,0.14,2.5,2.5,1.3,3.8,0.11,0.06,0.17,0.11,0.17,Matches
367,João Pedro\e8832875,br BRA,FWMF,Watford,20-185,2001,20,8,1021,11.3,2,1,2,0,0,1,0,0.18,0.09,0.26,0.18,0.26,2.3,2.3,2.0,4.3,0.20,0.18,0.38,0.20,0.38,Matches
368,Nicolas Pépé\57e3f0c7,ci CIV,FWMF,Arsenal,26-305,1995,15,5,604,6.7,1,1,1,0,0,0,0,0.15,0.15,0.30,0.15,0.30,2.6,2.6,1.6,4.3,0.39,0.24,0.63,0.39,0.63,Matches
369,Ricardo Pereira\75a72a99,pt POR,DF,Leicester City,28-175,1993,12,12,880,9.8,1,2,1,0,0,3,0,0.10,0.20,0.31,0.10,0.31,0.7,0.7,1.2,1.8,0.07,0.12,0.19,0.07,0.19,Matches
370,Ayoze Pérez\819aa8e7,es ESP,FWMF,Leicester City,28-250,1993,8,3,220,2.4,0,2,0,0,0,0,1,0.00,0.82,0.82,0.00,0.82,1.0,1.0,0.7,1.7,0.43,0.27,0.69,0.43,0.69,Matches
371,Sonny Perkins\87f12e30,eng ENG,FW,West Ham,18-048,2004,1,0,4,0.0,0,0,0,0,0,0,0,0.00,0.00,0.00,0.00,0.00,0.0,0.0,0.0,0.0,0.00,0.00,0.00,0.00,0.00,Matches
372,Romain Perraud\6dfd8f05,fr FRA,DF,Southampton,24-189,1997,15,14,1209,13.4,0,1,0,0,0,2,0,0.00,0.07,0.07,0.00,0.07,0.7,0.7,0.5,1.1,0.05,0.04,0.09,0.05,0.09,Matches
373,Kalvin Phillips\4f565d77,eng ENG,MF,Leeds United,26-118,1995,12,12,999,11.1,0,1,0,0,0,2,0,0.00,0.09,0.09,0.00,0.09,0.5,0.5,0.2,0.7,0.05,0.02,0.06,0.05,0.06,Matches
374,Jaden Philogene Bidace\19f4d211,eng ENG,FW,Aston Villa,19-316,2002,1,0,5,0.1,0,0,0,0,0,0,0,0.00,0.00,0.00,0.00,0.00,0.0,0.0,0.0,0.0,0.00,0.00,0.00,0.00,0.00,Matches
375,Jordan Pickford\4806ec67,eng ENG,GK,Everton,28-023,1994,25,25,2250,25.0,0,0,0,0,0,1,0,0.00,0.00,0.00,0.00,0.00,0.0,0.0,0.1,0.1,0.00,0.00,0.00,0.00,0.00,Matches
376,Erik Pieters\1ef37668,nl NED,DF,Burnley,33-235,1988,11,8,711,7.9,0,0,0,0,0,1,0,0.00,0.00,0.00,0.00,0.00,0.2,0.2,0.0,0.2,0.02,0.00,0.02,0.02,0.02,Matches
377,Ethan Pinnock\e541326e,jm JAM,DF,Brentford,28-305,1993,29,29,2494,27.7,1,1,1,0,0,1,0,0.04,0.04,0.07,0.04,0.07,1.5,1.5,1.2,2.8,0.06,0.04,0.10,0.06,0.10,Matches
378,Daniel Podence\7fcc71d8,pt POR,FWMF,Wolves,26-160,1995,24,14,1401,15.6,2,3,2,0,0,2,0,0.13,0.19,0.32,0.13,0.32,1.8,1.8,3.6,5.4,0.12,0.23,0.35,0.12,0.35,Matches
379,Paul Pogba\867239d3,fr FRA,MFFW,Manchester Utd,29-015,1993,16,13,1138,12.6,1,9,1,0,0,6,1,0.08,0.71,0.79,0.08,0.79,2.4,2.4,3.5,5.9,0.19,0.28,0.47,0.19,0.47,Matches
380,Nick Pope\4b40d9ca,eng ENG,GK,Burnley,29-345,1992,25,25,2250,25.0,0,0,0,0,0,0,0,0.00,0.00,0.00,0.00,0.00,0.0,0.0,0.2,0.2,0.00,0.01,0.01,0.00,0.01,Matches
381,Teemu Pukki\0745b37d,fi FIN,FW,Norwich City,32-001,1990,28,28,2445,27.2,8,2,5,3,3,4,0,0.29,0.07,0.37,0.18,0.26,7.4,5.1,1.5,6.7,0.27,0.06,0.33,0.19,0.25,Matches
382,Christian Pulisic\1bf33a9a,us USA,MFFW,Chelsea,23-193,1998,15,10,949,10.5,4,1,4,0,0,2,0,0.38,0.09,0.47,0.38,0.47,3.6,3.6,0.7,4.3,0.34,0.07,0.41,0.34,0.41,Matches
383,Przemysław Płacheta\3c33f9d9,pl POL,FWMF,Norwich City,24-007,1998,9,6,443,4.9,0,0,0,0,0,1,0,0.00,0.00,0.00,0.00,0.00,0.5,0.5,0.3,0.8,0.10,0.06,0.16,0.10,0.16,Matches
384,Jesuran Rak Sakyi\45685411,eng ENG,MF,Crystal Palace,19-176,2002,1,0,14,0.2,0,0,0,0,0,0,0,0.00,0.00,0.00,0.00,0.00,0.0,0.0,0.0,0.0,0.00,0.00,0.00,0.00,0.00,Matches
385,Aaron Ramsdale\466fb2c5,eng ENG,GK,Arsenal,23-320,1998,24,24,2160,24.0,0,0,0,0,0,1,0,0.00,0.00,0.00,0.00,0.00,0.0,0.0,0.0,0.0,0.00,0.00,0.00,0.00,0.00,Matches
386,Jacob Ramsey\1544f145,eng ENG,MF,Aston Villa,20-306,2001,27,23,1930,21.4,6,1,6,0,0,5,0,0.28,0.05,0.33,0.28,0.33,3.1,3.1,1.9,5.0,0.15,0.09,0.23,0.15,0.23,Matches
387,Marcus Rashford\a1d5bd30,eng ENG,FWMF,Manchester Utd,24-150,1997,19,10,937,10.4,4,2,4,0,0,2,0,0.38,0.19,0.58,0.38,0.58,2.3,2.3,2.0,4.3,0.22,0.19,0.41,0.22,0.41,Matches
388,Milot Rashica\6c6a3300,xk KVX,FWMF,Norwich City,25-275,1996,23,17,1618,18.0,1,2,1,0,0,0,0,0.06,0.11,0.17,0.06,0.17,2.0,2.0,2.1,4.0,0.11,0.11,0.23,0.11,0.23,Matches
389,David Raya\98ea5115,es ESP,GK,Brentford,26-196,1995,16,16,1440,16.0,0,0,0,0,0,0,0,0.00,0.00,0.00,0.00,0.00,0.0,0.0,0.0,0.0,0.00,0.00,0.00,0.00,0.00,Matches
390,Nathan Redmond\ab651565,eng ENG,MFFW,Southampton,28-024,1994,20,15,1357,15.1,0,5,0,0,0,0,0,0.00,0.33,0.33,0.00,0.33,1.8,1.8,3.6,5.5,0.12,0.24,0.36,0.12,0.36,Matches
391,Sergio Reguilón\3353737a,es ESP,DF,Tottenham,25-104,1996,23,21,1756,19.5,2,3,2,0,0,4,0,0.10,0.15,0.26,0.10,0.26,3.0,3.0,4.0,7.0,0.15,0.20,0.36,0.15,0.36,Matches
392,Declan Rice\1c7012b8,eng ENG,MF,West Ham,23-075,1999,28,28,2520,28.0,1,4,1,0,0,7,0,0.04,0.14,0.18,0.04,0.18,0.8,0.8,1.8,2.6,0.03,0.06,0.09,0.03,0.09,Matches
393,Taylor Richards\e0243d23,eng ENG,MFFW,Brighton,21-116,2000,2,0,25,0.3,0,0,0,0,0,0,0,0.00,0.00,0.00,0.00,0.00,0.0,0.0,0.0,0.0,0.14,0.00,0.14,0.14,0.14,Matches
394,Richarlison\fa031b34,br BRA,FWMF,Everton,24-324,1997,20,18,1635,18.2,4,3,4,0,0,6,0,0.22,0.17,0.39,0.22,0.39,4.2,4.2,1.9,6.1,0.23,0.10,0.34,0.23,0.34,Matches
395,Jaïro Riedewald\7a1f2c08,nl NED,MF,Crystal Palace,25-202,1996,3,1,118,1.3,0,0,0,0,0,0,0,0.00,0.00,0.00,0.00,0.00,0.0,0.0,0.1,0.1,0.00,0.06,0.06,0.00,0.06,Matches
396,Matt Ritchie\71ef519e,sct SCO,DF,Newcastle Utd,32-201,1989,16,14,1318,14.6,0,2,0,0,0,5,0,0.00,0.14,0.14,0.00,0.14,0.4,0.4,1.6,2.1,0.03,0.11,0.14,0.03,0.14,Matches
397,Connor Roberts\24fae784,wls WAL,DF,Burnley,26-188,1995,11,10,916,10.2,0,1,0,0,0,1,0,0.00,0.10,0.10,0.00,0.10,0.1,0.1,0.3,0.4,0.01,0.03,0.04,0.01,0.04,Matches
398,Tyler Roberts\6c17e046,wls WAL,MFFW,Leeds United,23-077,1999,23,7,987,11.0,1,1,1,0,0,5,0,0.09,0.09,0.18,0.09,0.18,2.4,2.4,1.2,3.7,0.22,0.11,0.34,0.22,0.34,Matches
399,Andrew Robertson\2e4f5f03,sct SCO,DF,Liverpool,28-019,1994,22,22,1934,21.5,1,10,1,0,0,4,1,0.05,0.47,0.51,0.05,0.51,1.4,1.4,4.8,6.3,0.07,0.23,0.29,0.07,0.29,Matches
400,Joe Rodon\8d62d31a,wls WAL,DF,Tottenham,24-159,1997,1,0,79,0.9,0,0,0,0,0,0,0,0.00,0.00,0.00,0.00,0.00,0.0,0.0,0.0,0.0,0.00,0.00,0.00,0.00,0.00,Matches
401,Rodri\6434f10d,es ESP,MF,Manchester City,25-281,1996,24,24,2102,23.4,3,1,3,0,0,5,0,0.13,0.04,0.17,0.13,0.17,1.6,1.6,1.2,2.8,0.07,0.05,0.12,0.07,0.12,Matches
402,Rodrigo\1fb1c435,es ESP,MFFW,Leeds United,31-024,1991,23,20,1629,18.1,5,1,4,1,1,8,0,0.28,0.06,0.33,0.22,0.28,3.9,3.1,3.8,6.9,0.21,0.21,0.42,0.17,0.38,Matches
403,Jay Rodriguez\4ab53cdb,eng ENG,FW,Burnley,32-244,1989,23,8,946,10.5,1,2,1,0,0,3,0,0.10,0.19,0.29,0.10,0.29,2.5,2.5,1.8,4.3,0.24,0.17,0.41,0.24,0.41,Matches
404,Mads Roerslev\57c94db2,dk DEN,DF,Brentford,22-279,1999,16,9,946,10.5,1,1,1,0,0,1,0,0.10,0.10,0.19,0.10,0.19,0.3,0.3,0.6,0.9,0.03,0.06,0.09,0.03,0.09,Matches
405,Cristian Romero\a3d94a58,ar ARG,DF,Tottenham,23-337,1998,16,15,1304,14.5,1,0,1,0,0,8,0,0.07,0.00,0.07,0.07,0.07,0.6,0.6,0.3,0.9,0.04,0.02,0.06,0.04,0.06,Matches
406,Oriol Romeu\4b511457,es ESP,MF,Southampton,30-187,1991,27,27,2314,25.7,1,1,1,0,0,8,0,0.04,0.04,0.08,0.04,0.08,0.9,0.9,2.1,3.0,0.04,0.08,0.12,0.04,0.12,Matches
407,Cristiano Ronaldo\dea698d9,pt POR,FW,Manchester Utd,37-053,1985,24,21,1916,21.3,12,3,10,2,2,5,0,0.56,0.14,0.70,0.47,0.61,13.3,11.8,2.7,14.5,0.63,0.13,0.75,0.55,0.68,Matches
408,Salomón Rondón\b318a643,ve VEN,FW,Everton,32-195,1989,14,8,715,7.9,1,0,1,0,0,2,0,0.13,0.00,0.13,0.13,0.13,2.0,2.0,0.6,2.6,0.26,0.08,0.33,0.26,0.33,Matches
409,Danny Rose\89d10e53,eng ENG,DF,Watford,31-271,1990,8,7,689,7.7,0,0,0,0,0,4,0,0.00,0.00,0.00,0.00,0.00,0.2,0.2,0.8,0.9,0.02,0.10,0.12,0.02,0.12,Matches
410,Jon Rowe\8c12f884,eng ENG,FWMF,Norwich City,18-334,2003,7,0,104,1.2,0,1,0,0,0,0,0,0.00,0.87,0.87,0.00,0.87,0.2,0.2,0.2,0.4,0.21,0.14,0.35,0.21,0.35,Matches
411,Antonio Rüdiger\18b896d6,de GER,DF,Chelsea,29-027,1993,26,26,2340,26.0,2,0,2,0,0,6,0,0.08,0.00,0.08,0.08,0.08,1.9,1.9,1.1,2.9,0.07,0.04,0.11,0.07,0.11,Matches
412,Lukas Rupp\3faa1780,de GER,MF,Norwich City,31-081,1991,13,6,586,6.5,0,0,0,0,0,0,0,0.00,0.00,0.00,0.00,0.00,0.7,0.7,1.2,1.9,0.11,0.18,0.28,0.11,0.28,Matches
413,José Sá\903b6e8b,pt POR,GK,Wolves,29-072,1993,30,30,2700,30.0,0,1,0,0,0,3,0,0.00,0.03,0.03,0.00,0.03,0.0,0.0,1.0,1.0,0.00,0.03,0.03,0.00,0.03,Matches
414,Allan Saint-Maximin\2b16cb1a,fr FRA,FWMF,Newcastle Utd,25-018,1997,26,22,2044,22.7,5,3,5,0,0,4,0,0.22,0.13,0.35,0.22,0.35,4.0,4.0,4.5,8.6,0.18,0.20,0.38,0.18,0.38,Matches
415,Romain Saïss\9fbbcf39,ma MAR,DF,Wolves,32-004,1990,28,28,2468,27.4,2,0,2,0,0,5,0,0.07,0.00,0.07,0.07,0.07,2.3,2.3,0.2,2.5,0.08,0.01,0.09,0.08,0.09,Matches
416,Bukayo Saka\bc7dc64d,eng ENG,FWMF,Arsenal,20-206,2001,28,26,2136,23.7,9,5,9,0,0,4,0,0.38,0.21,0.59,0.38,0.59,6.3,6.3,5.6,11.9,0.27,0.23,0.50,0.27,0.50,Matches
417,Mohamed Salah\e342ad68,eg EGY,FW,Liverpool,29-288,1992,27,25,2260,25.1,20,10,15,5,6,1,0,0.80,0.40,1.19,0.60,1.00,18.9,14.2,8.5,22.7,0.75,0.34,1.09,0.56,0.90,Matches
418,Mohammed Salisu\0b33f6ad,gh GHA,DF,Southampton,22-347,1999,27,26,2342,26.0,0,0,0,0,0,10,1,0.00,0.00,0.00,0.00,0.00,1.7,1.7,0.5,2.2,0.07,0.02,0.08,0.07,0.08,Matches
419,Albert Sambi Lokonga\1b4f1169,be BEL,MF,Arsenal,22-159,1999,14,10,909,10.1,0,0,0,0,0,4,0,0.00,0.00,0.00,0.00,0.00,0.5,0.5,0.6,1.1,0.05,0.06,0.11,0.05,0.11,Matches
420,Davinson Sánchez\da7b447d,co COL,DF,Tottenham,25-291,1996,18,14,1331,14.8,2,0,2,0,0,4,0,0.14,0.00,0.14,0.14,0.14,2.0,2.0,0.1,2.2,0.14,0.01,0.15,0.14,0.15,Matches
421,Robert Sánchez\6a713852,es ESP,GK,Brighton,24-132,1997,28,28,2519,28.0,0,0,0,0,0,2,1,0.00,0.00,0.00,0.00,0.00,0.0,0.0,0.4,0.4,0.00,0.01,0.01,0.00,0.01,Matches
422,Jadon Sancho\dbf053da,eng ENG,FWMF,Manchester Utd,22-005,2000,24,16,1495,16.6,3,3,3,0,0,0,0,0.18,0.18,0.36,0.18,0.36,2.9,2.9,3.8,6.7,0.17,0.23,0.40,0.17,0.40,Matches
423,Morgan Sanson\6e7f1353,fr FRA,MF,Aston Villa,27-224,1994,9,2,285,3.2,0,0,0,0,0,0,0,0.00,0.00,0.00,0.00,0.00,0.0,0.0,0.0,0.0,0.00,0.01,0.01,0.00,0.01,Matches
424,Samir Santos\92b4758e,br BRA,DF,Watford,27-115,1994,11,11,989,11.0,0,0,0,0,0,3,0,0.00,0.00,0.00,0.00,0.00,0.2,0.2,0.0,0.2,0.02,0.00,0.02,0.02,0.02,Matches
425,Josh Sargent\a8d4428b,us USA,FWMF,Norwich City,22-038,2000,25,18,1558,17.3,2,1,2,0,0,1,0,0.12,0.06,0.17,0.12,0.17,2.7,2.7,0.7,3.5,0.16,0.04,0.20,0.16,0.20,Matches
426,Jeremy Sarmiento\ac0d576d,ec ECU,FW,Brighton,19-287,2002,2,1,21,0.2,0,0,0,0,0,0,0,0.00,0.00,0.00,0.00,0.00,0.0,0.0,0.0,0.0,0.00,0.00,0.00,0.00,0.00,Matches
427,Ismaila Sarr\bfdb33aa,sn SEN,FWMF,Watford,24-033,1998,16,15,1344,14.9,5,1,5,0,1,2,0,0.33,0.07,0.40,0.33,0.40,3.5,2.8,2.2,5.0,0.24,0.15,0.38,0.19,0.33,Matches
428,Malang Sarr\4315f30d,fr FRA,DF,Chelsea,23-066,1999,5,5,420,4.7,0,0,0,0,0,1,0,0.00,0.00,0.00,0.00,0.00,0.0,0.0,0.3,0.4,0.01,0.07,0.08,0.01,0.08,Matches
429,Dane Scarlett\21945a9e,eng ENG,MF,Tottenham,18-006,2004,1,0,4,0.0,0,0,0,0,0,0,0,0.00,0.00,0.00,0.00,0.00,0.0,0.0,0.0,0.0,0.00,0.00,0.00,0.00,0.00,Matches
430,Fabian Schär\c8aa95da,ch SUI,DF,Newcastle Utd,30-100,1991,19,19,1690,18.8,1,2,1,0,0,3,0,0.05,0.11,0.16,0.05,0.16,1.1,1.1,0.4,1.6,0.06,0.02,0.08,0.06,0.08,Matches
431,Jeffrey Schlupp\3312f911,gh GHA,MFFW,Crystal Palace,29-097,1992,23,14,1292,14.4,3,1,3,0,0,1,0,0.21,0.07,0.28,0.21,0.28,1.9,1.9,1.1,3.0,0.13,0.07,0.21,0.13,0.21,Matches
432,Kasper Schmeichel\53af52f3,dk DEN,GK,Leicester City,35-145,1986,27,27,2430,27.0,0,0,0,0,0,1,0,0.00,0.00,0.00,0.00,0.00,0.0,0.0,0.0,0.0,0.00,0.00,0.00,0.00,0.00,Matches
433,Ken Sema\1770bd68,se SWE,MFFW,Watford,28-181,1993,14,4,553,6.1,0,0,0,0,0,1,0,0.00,0.00,0.00,0.00,0.00,0.1,0.1,0.6,0.7,0.01,0.10,0.11,0.01,0.11,Matches
434,Nélson Semedo\d04b94db,pt POR,DF,Wolves,28-134,1993,23,23,1989,22.1,0,1,0,0,0,1,0,0.00,0.05,0.05,0.00,0.05,1.3,1.3,1.1,2.4,0.06,0.05,0.11,0.06,0.11,Matches
435,Ryan Sessegnon\6aa3e78b,eng ENG,DFMF,Tottenham,21-316,2000,9,7,537,6.0,0,1,0,0,0,1,0,0.00,0.17,0.17,0.00,0.17,0.2,0.2,0.8,0.9,0.03,0.13,0.16,0.03,0.16,Matches
436,Jamie Shackleton\8d03ca5a,eng ENG,DFMF,Leeds United,22-173,1999,13,7,686,7.6,0,0,0,0,0,4,0,0.00,0.00,0.00,0.00,0.00,0.2,0.2,0.0,0.2,0.02,0.01,0.03,0.02,0.03,Matches
437,Luke Shaw\9c94165b,eng ENG,DF,Manchester Utd,26-261,1995,19,18,1556,17.3,0,3,0,0,0,7,0,0.00,0.17,0.17,0.00,0.17,0.2,0.2,3.1,3.3,0.01,0.18,0.19,0.01,0.19,Matches
438,Jonjo Shelvey\3727dd3c,eng ENG,MF,Newcastle Utd,30-031,1992,19,17,1533,17.0,2,1,2,0,0,7,1,0.12,0.06,0.18,0.12,0.18,0.8,0.8,0.7,1.5,0.04,0.04,0.09,0.04,0.09,Matches
439,Francisco Sierralta\0f933743,cl CHI,DF,Watford,24-328,1997,5,5,427,4.7,0,0,0,0,0,0,0,0.00,0.00,0.00,0.00,0.00,0.0,0.0,0.0,0.0,0.01,0.00,0.01,0.01,0.01,Matches
440,Bernardo Silva\3eb22ec9,pt POR,MFFW,Manchester City,27-232,1994,28,28,2406,26.7,7,2,7,0,0,5,0,0.26,0.07,0.34,0.26,0.34,6.4,6.4,4.5,10.9,0.24,0.17,0.41,0.24,0.41,Matches
441,Fábio Silva\e7aa9d7c,pt POR,FWMF,Wolves,19-254,2002,17,2,265,2.9,0,0,0,0,0,0,0,0.00,0.00,0.00,0.00,0.00,0.9,0.9,0.1,1.0,0.32,0.03,0.35,0.32,0.35,Matches
442,Thiago Silva\86e7deaf,br BRA,DF,Chelsea,37-189,1984,23,20,1913,21.3,3,0,3,0,0,2,0,0.14,0.00,0.14,0.14,0.14,0.7,0.7,0.1,0.8,0.03,0.01,0.04,0.03,0.04,Matches
443,Ellis Simms\26d3b5be,eng ENG,FW,Everton,21-084,2001,1,1,61,0.7,0,0,0,0,0,0,0,0.00,0.00,0.00,0.00,0.00,0.0,0.0,0.0,0.0,0.00,0.00,0.00,0.00,0.00,Matches
444,Moussa Sissoko\2acd49b9,fr FRA,MF,Watford,32-226,1989,27,27,2410,26.8,2,1,2,0,0,4,0,0.07,0.04,0.11,0.07,0.11,2.3,2.3,2.4,4.7,0.09,0.09,0.18,0.09,0.18,Matches
445,Oliver Skipp\6250083a,eng ENG,MF,Tottenham,21-195,2000,18,14,1350,15.0,0,0,0,0,0,6,0,0.00,0.00,0.00,0.00,0.00,0.2,0.2,0.9,1.1,0.01,0.06,0.07,0.01,0.07,Matches
446,William Smallbone\5e105217,ie IRL,MFFW,Southampton,22-037,2000,2,2,114,1.3,0,0,0,0,0,0,0,0.00,0.00,0.00,0.00,0.00,0.1,0.1,0.1,0.2,0.06,0.07,0.14,0.06,0.14,Matches
447,Emile Smith Rowe\17695062,eng ENG,MFFW,Arsenal,21-245,2000,24,16,1506,16.7,9,2,9,0,0,0,0,0.54,0.12,0.66,0.54,0.66,4.7,4.7,2.0,6.7,0.28,0.12,0.40,0.28,0.40,Matches
448,Cédric Soares\839c14e1,pt POR,DF,Arsenal,30-211,1991,11,9,832,9.2,0,0,0,0,0,3,0,0.00,0.00,0.00,0.00,0.00,0.2,0.2,0.5,0.7,0.02,0.05,0.07,0.02,0.07,Matches
449,Tomáš Souček\6613c819,cz CZE,MF,West Ham,27-031,1995,28,28,2508,27.9,4,1,4,0,0,2,0,0.14,0.04,0.18,0.14,0.18,4.2,3.8,1.4,5.2,0.15,0.05,0.20,0.14,0.19,Matches
450,Boubakary Soumaré\ae59b359,fr FRA,MF,Leicester City,23-031,1999,18,11,1036,11.5,0,1,0,0,0,0,0,0.00,0.09,0.09,0.00,0.09,0.4,0.4,0.2,0.6,0.04,0.02,0.06,0.04,0.06,Matches
451,Çağlar Söyüncü\21166ff4,tr TUR,DF,Leicester City,25-311,1996,24,24,2137,23.7,1,0,1,0,0,5,0,0.04,0.00,0.04,0.04,0.04,1.4,1.4,0.1,1.5,0.06,0.00,0.06,0.06,0.06,Matches
452,Jason Steele\28300a16,eng ENG,GK,Brighton,31-224,1990,1,1,90,1.0,0,0,0,0,0,0,0,0.00,0.00,0.00,0.00,0.00,0.0,0.0,0.0,0.0,0.00,0.00,0.00,0.00,0.00,Matches
453,Jed Steer\a8a3d139,eng ENG,GK,Aston Villa,29-188,1992,1,1,90,1.0,0,0,0,0,0,0,0,0.00,0.00,0.00,0.00,0.00,0.0,0.0,0.0,0.0,0.00,0.00,0.00,0.00,0.00,Matches
454,Zack Steffen\42130443,us USA,GK,Manchester City,26-362,1995,1,1,90,1.0,0,0,0,0,0,0,0,0.00,0.00,0.00,0.00,0.00,0.0,0.0,0.0,0.0,0.00,0.00,0.00,0.00,0.00,Matches
455,Dale Stephens\653ee42d,eng ENG,MF,Burnley,32-291,1989,2,1,123,1.4,0,0,0,0,0,1,0,0.00,0.00,0.00,0.00,0.00,0.0,0.0,0.0,0.1,0.02,0.04,0.06,0.02,0.06,Matches
456,Jack Stephens\6adbc307,eng ENG,DF,Southampton,28-062,1994,9,7,631,7.0,0,0,0,0,0,2,0,0.00,0.00,0.00,0.00,0.00,0.0,0.0,0.3,0.3,0.00,0.04,0.04,0.00,0.04,Matches
457,Raheem Sterling\b400bde0,eng ENG,FW,Manchester City,27-112,1994,23,17,1569,17.4,10,1,8,2,3,1,0,0.57,0.06,0.63,0.46,0.52,10.1,7.6,3.4,10.9,0.58,0.19,0.77,0.43,0.63,Matches
458,Finley Stevens\7e003182,wls WAL,DF,Brentford,18-354,2003,1,0,15,0.2,0,0,0,0,0,0,0,0.00,0.00,0.00,0.00,0.00,0.0,0.0,0.0,0.0,0.00,0.25,0.25,0.00,0.25,Matches
459,John Stones\5eecec3d,eng ENG,DF,Manchester City,27-306,1994,11,9,863,9.6,1,0,1,0,0,0,0,0.10,0.00,0.10,0.10,0.10,0.9,0.9,0.1,0.9,0.09,0.01,0.10,0.09,0.10,Matches
460,Pascal Struijk\f4d296e4,nl NED,DFMF,Leeds United,22-231,1999,23,20,1783,19.8,0,0,0,0,0,6,1,0.00,0.00,0.00,0.00,0.00,1.1,1.1,0.2,1.3,0.05,0.01,0.06,0.05,0.06,Matches
461,Crysencio Summerville\df04eb4b,nl NED,MFFW,Leeds United,20-151,2001,5,0,122,1.4,0,0,0,0,0,0,0,0.00,0.00,0.00,0.00,0.00,0.3,0.3,0.0,0.3,0.19,0.03,0.22,0.19,0.22,Matches
462,Jakob Sørensen\953c30b0,dk DEN,DFMF,Norwich City,24-027,1998,6,4,370,4.1,0,0,0,0,0,0,0,0.00,0.00,0.00,0.00,0.00,0.4,0.4,0.0,0.4,0.09,0.00,0.09,0.09,0.09,Matches
463,Japhet Tanganga\e9971f2d,eng ENG,DF,Tottenham,22-364,1999,11,10,735,8.2,0,0,0,0,0,4,1,0.00,0.00,0.00,0.00,0.00,0.4,0.4,0.4,0.7,0.05,0.05,0.09,0.05,0.09,Matches
464,Matt Targett\e514ab62,eng ENG,DF,Newcastle Utd,26-193,1995,7,7,630,7.0,0,0,0,0,0,0,0,0.00,0.00,0.00,0.00,0.00,0.2,0.2,0.8,1.0,0.03,0.12,0.15,0.03,0.15,Matches
465,Matt Targett\e514ab62,eng ENG,DF,Aston Villa,26-193,1995,17,17,1431,15.9,1,1,1,0,0,2,0,0.06,0.06,0.13,0.06,0.13,0.5,0.5,2.2,2.7,0.03,0.14,0.17,0.03,0.17,Matches
466,James Tarkowski\15ea812b,eng ENG,DF,Burnley,29-131,1992,25,25,2250,25.0,1,2,1,0,0,8,0,0.04,0.08,0.12,0.04,0.12,1.5,1.5,0.4,1.9,0.06,0.02,0.08,0.06,0.08,Matches
467,Nuno Tavares\a65c844b,pt POR,DF,Arsenal,22-063,2000,14,6,626,7.0,0,1,0,0,0,1,0,0.00,0.14,0.14,0.00,0.14,0.6,0.6,0.8,1.4,0.09,0.12,0.21,0.09,0.21,Matches
468,Charlie Taylor\cc2d7ad5,eng ENG,DF,Burnley,28-193,1993,20,19,1741,19.3,0,1,0,0,0,1,0,0.00,0.05,0.05,0.00,0.05,0.1,0.1,1.7,1.8,0.01,0.09,0.09,0.01,0.09,Matches
469,Nathan Tella\f1e94cd6,eng ENG,MFFW,Southampton,22-268,1999,10,7,586,6.5,0,0,0,0,0,1,0,0.00,0.00,0.00,0.00,0.00,0.5,0.5,0.7,1.2,0.07,0.11,0.18,0.07,0.18,Matches
470,Alex Telles\e73c9bb2,br BRA,DF,Manchester Utd,29-105,1992,13,11,1002,11.1,0,2,0,0,0,0,0,0.00,0.18,0.18,0.00,0.18,0.4,0.4,1.0,1.4,0.04,0.09,0.13,0.04,0.13,Matches
471,Luke Thomas\fc027d02,eng ENG,DF,Leicester City,20-293,2001,18,17,1552,17.2,0,1,0,0,0,0,0,0.00,0.06,0.06,0.00,0.06,0.2,0.2,1.3,1.4,0.01,0.07,0.08,0.01,0.08,Matches
472,Dominic Thompson\235a62f8,eng ENG,DF,Brentford,21-247,2000,2,2,146,1.6,0,0,0,0,0,0,0,0.00,0.00,0.00,0.00,0.00,0.0,0.0,0.0,0.0,0.01,0.00,0.01,0.01,0.01,Matches
473,Youri Tielemans\56f7a928,be BEL,MF,Leicester City,24-327,1997,22,20,1811,20.1,6,2,4,2,2,1,0,0.30,0.10,0.40,0.20,0.30,4.3,2.8,3.3,6.1,0.21,0.16,0.38,0.14,0.30,Matches
474,Kieran Tierney\fce2302c,sct SCO,DF,Arsenal,24-298,1997,22,22,1915,21.3,1,3,1,0,0,0,0,0.05,0.14,0.19,0.05,0.19,0.7,0.7,1.9,2.6,0.03,0.09,0.12,0.03,0.12,Matches
475,Takehiro Tomiyasu\b3af9be1,jp JPN,DF,Arsenal,23-145,1998,16,16,1383,15.4,0,1,0,0,0,1,0,0.00,0.07,0.07,0.00,0.07,0.3,0.3,0.6,0.9,0.02,0.04,0.06,0.02,0.06,Matches
476,James Tomkins\e7ca0439,eng ENG,DF,Crystal Palace,33-001,1989,8,6,547,6.1,1,0,1,0,0,2,0,0.16,0.00,0.16,0.16,0.16,0.6,0.6,0.4,0.9,0.09,0.06,0.15,0.09,0.15,Matches
477,Ivan Toney\e09f279b,eng ENG,FW,Brentford,26-014,1996,25,24,2189,24.3,11,2,6,5,5,6,0,0.45,0.08,0.53,0.25,0.33,9.2,5.4,4.2,9.5,0.38,0.17,0.55,0.22,0.39,Matches
478,Ferrán Torres\9e1035f8,es ESP,FW,Manchester City,22-029,2000,4,4,303,3.4,2,1,2,0,0,0,0,0.59,0.30,0.89,0.59,0.89,2.5,2.5,0.0,2.5,0.74,0.01,0.75,0.74,0.75,Matches
479,Cenk Tosun\9a104dee,tr TUR,FW,Everton,30-296,1991,1,0,7,0.1,0,0,0,0,0,0,0,0.00,0.00,0.00,0.00,0.00,0.0,0.0,0.0,0.0,0.00,0.00,0.00,0.00,0.00,Matches
480,Andros Townsend\b28bbd58,eng ENG,MF,Everton,30-257,1991,21,17,1455,16.2,3,2,2,1,1,3,0,0.19,0.12,0.31,0.12,0.25,2.3,1.5,2.4,3.9,0.14,0.15,0.29,0.09,0.24,Matches
481,Adama Traoré\9a28eba4,es ESP,FW,Wolves,26-064,1996,20,10,1067,11.9,1,0,1,0,0,0,0,0.08,0.00,0.08,0.08,0.08,2.4,2.4,1.7,4.1,0.20,0.15,0.35,0.20,0.35,Matches
482,Bertrand Traoré\c47541e0,bf BFA,FWMF,Aston Villa,26-205,1995,7,1,176,2.0,0,0,0,0,0,0,0,0.00,0.00,0.00,0.00,0.00,0.2,0.2,0.0,0.2,0.13,0.00,0.13,0.13,0.13,Matches
483,Trézéguet\3ae14ed1,eg EGY,FW,Aston Villa,27-180,1994,1,0,11,0.1,0,0,0,0,0,0,0,0.00,0.00,0.00,0.00,0.00,0.1,0.1,0.0,0.1,0.51,0.00,0.51,0.51,0.51,Matches
484,Francisco Trincão\77e39b04,pt POR,FWMF,Wolves,22-091,1999,22,14,1139,12.7,1,1,1,0,0,0,0,0.08,0.08,0.16,0.08,0.16,2.9,2.9,1.2,4.1,0.23,0.10,0.33,0.23,0.33,Matches
485,Kieran Trippier\21512407,eng ENG,DF,Newcastle Utd,31-192,1990,4,4,316,3.5,2,0,2,0,0,0,0,0.57,0.00,0.57,0.57,0.57,0.1,0.1,0.4,0.5,0.04,0.11,0.15,0.04,0.15,Matches
486,William Troost-Ekong\7ed4921e,ng NGA,DF,Watford,28-210,1993,16,15,1377,15.3,0,0,0,0,0,3,0,0.00,0.00,0.00,0.00,0.00,0.1,0.1,0.1,0.2,0.01,0.01,0.01,0.01,0.01,Matches
487,Leandro Trossard\38ceb24a,be BEL,FWMF,Brighton,27-116,1994,27,25,2195,24.4,4,1,3,1,1,2,0,0.16,0.04,0.21,0.12,0.16,4.9,4.1,2.0,6.2,0.20,0.08,0.28,0.17,0.25,Matches
488,Kostas Tsimikas\f315ca93,gr GRE,DF,Liverpool,25-322,1996,10,7,670,7.4,0,2,0,0,0,2,0,0.00,0.27,0.27,0.00,0.27,0.5,0.5,1.7,2.2,0.07,0.23,0.30,0.07,0.30,Matches
489,Axel Tuanzebe\2baec6ce,eng ENG,DF,Aston Villa,24-136,1997,9,6,508,5.6,0,0,0,0,0,1,0,0.00,0.00,0.00,0.00,0.00,0.2,0.2,0.0,0.2,0.03,0.00,0.03,0.03,0.03,Matches
490,Ozan Tufan\17d45fb2,tr TUR,MF,Watford,27-007,1995,7,4,334,3.7,0,0,0,0,0,0,0,0.00,0.00,0.00,0.00,0.00,0.5,0.5,0.2,0.8,0.14,0.07,0.20,0.14,0.20,Matches
491,Christos Tzolis\9f333379,gr GRE,FWMF,Norwich City,20-059,2002,11,3,308,3.4,0,0,0,0,0,0,0,0.00,0.00,0.00,0.00,0.00,0.5,0.5,1.0,1.4,0.14,0.28,0.42,0.14,0.42,Matches
492,Yan Valery\531a4aa8,fr FRA,DF,Southampton,23-036,1999,2,1,135,1.5,0,0,0,0,0,0,0,0.00,0.00,0.00,0.00,0.00,0.0,0.0,0.1,0.1,0.03,0.06,0.09,0.03,0.09,Matches
493,Raphaël Varane\9f8e9423,fr FRA,DF,Manchester Utd,28-339,1993,17,15,1381,15.3,0,1,0,0,0,0,0,0.00,0.07,0.07,0.00,0.07,0.7,0.7,0.1,0.9,0.05,0.01,0.06,0.05,0.06,Matches
494,Jamie Vardy\45963054,eng ENG,FW,Leicester City,35-078,1987,18,16,1400,15.6,10,2,10,0,0,2,0,0.64,0.13,0.77,0.64,0.77,6.6,6.6,1.4,8.0,0.42,0.09,0.51,0.42,0.51,Matches
495,Joël Veltman\dad4b285,nl NED,DF,Brighton,30-074,1992,25,24,2064,22.9,0,1,0,0,0,6,0,0.00,0.04,0.04,0.00,0.04,0.2,0.2,1.0,1.2,0.01,0.05,0.05,0.01,0.05,Matches
496,Jannik Vestergaard\1900032e,dk DEN,DF,Leicester City,29-239,1992,10,6,567,6.3,0,0,0,0,0,2,0,0.00,0.00,0.00,0.00,0.00,0.1,0.1,0.0,0.1,0.01,0.01,0.01,0.01,0.01,Matches
497,Nikola Vlašić\aa8e289e,hr CRO,FWMF,West Ham,24-177,1997,16,5,456,5.1,1,0,1,0,0,0,0,0.20,0.00,0.20,0.20,0.20,1.0,1.0,0.4,1.4,0.19,0.08,0.27,0.19,0.27,Matches
498,Matěj Vydra\0d4ceb32,cz CZE,FW,Burnley,29-333,1992,16,3,449,5.0,1,1,1,0,0,0,0,0.20,0.20,0.40,0.20,0.40,2.0,2.0,0.2,2.3,0.41,0.04,0.45,0.41,0.45,Matches
499,Theo Walcott\1ecb65be,eng ENG,MFFW,Southampton,33-014,1989,9,5,379,4.2,0,0,0,0,0,0,0,0.00,0.00,0.00,0.00,0.00,0.7,0.7,0.0,0.7,0.17,0.01,0.18,0.17,0.18,Matches
500,Kyle Walker\86dd77d1,eng ENG,DF,Manchester City,31-306,1990,18,18,1575,17.5,0,2,0,0,0,1,0,0.00,0.11,0.11,0.00,0.11,0.2,0.2,1.2,1.4,0.01,0.07,0.08,0.01,0.08,Matches
501,Kyle Walker-Peters\984a5a64,eng ENG,DF,Southampton,24-351,1997,23,20,1831,20.3,1,2,1,0,0,5,0,0.05,0.10,0.15,0.05,0.15,0.7,0.7,2.4,3.1,0.04,0.12,0.15,0.04,0.15,Matches
502,Aaron Wan-Bissaka\9e525177,eng ENG,DF,Manchester Utd,24-124,1997,18,18,1613,17.9,0,0,0,0,0,2,0,0.00,0.00,0.00,0.00,0.00,0.2,0.2,0.9,1.1,0.01,0.05,0.06,0.01,0.06,Matches
503,Joel Ward\8a7ff278,eng ENG,DF,Crystal Palace,32-152,1989,23,23,2070,23.0,0,0,0,0,0,6,0,0.00,0.00,0.00,0.00,0.00,0.3,0.3,0.5,0.8,0.01,0.02,0.03,0.01,0.03,Matches
504,James Ward-Prowse\3515d404,eng ENG,MF,Southampton,27-149,1994,27,27,2405,26.7,6,4,3,3,3,3,1,0.22,0.15,0.37,0.11,0.26,3.7,1.5,5.3,6.7,0.14,0.20,0.34,0.05,0.25,Matches
505,Ollie Watkins\aed3a70f,eng ENG,FW,Aston Villa,26-090,1995,26,24,2165,24.1,7,1,7,0,0,6,0,0.29,0.04,0.33,0.29,0.33,8.0,8.0,2.4,10.4,0.33,0.10,0.43,0.33,0.43,Matches
506,Adam Webster\c40b6180,eng ENG,DF,Brighton,27-085,1995,15,14,1167,13.0,2,0,2,0,0,4,0,0.15,0.00,0.15,0.15,0.15,1.0,1.0,0.1,1.1,0.08,0.00,0.08,0.08,0.08,Matches
507,Wout Weghorst\c4e87b8b,nl NED,FW,Burnley,29-235,1992,9,9,752,8.4,1,2,1,0,0,1,0,0.12,0.24,0.36,0.12,0.36,1.5,1.5,0.5,2.0,0.18,0.06,0.24,0.18,0.24,Matches
508,Danny Welbeck\ce5143da,eng ENG,FWMF,Brighton,31-124,1990,16,7,727,8.1,3,0,3,0,0,0,0,0.37,0.00,0.37,0.37,0.37,1.7,1.7,0.1,1.8,0.21,0.02,0.23,0.21,0.23,Matches
509,Timo Werner\49fe9070,de GER,FWMF,Chelsea,26-024,1996,14,8,738,8.2,1,1,1,0,0,1,0,0.12,0.12,0.24,0.12,0.24,3.6,3.6,0.2,3.7,0.44,0.02,0.46,0.44,0.46,Matches
510,Ashley Westwood\495945ef,eng ENG,MF,Burnley,31-363,1990,23,22,1987,22.1,0,3,0,0,0,7,0,0.00,0.14,0.14,0.00,0.14,0.5,0.5,3.4,4.0,0.02,0.16,0.18,0.02,0.18,Matches
511,Ben White\35e413f1,eng ENG,DF,Arsenal,24-173,1997,26,26,2340,26.0,0,0,0,0,0,1,0,0.00,0.00,0.00,0.00,0.00,1.0,1.0,0.5,1.5,0.04,0.02,0.06,0.04,0.06,Matches
512,Brandon Williams\5e74d6c8,eng ENG,DF,Norwich City,21-208,2000,23,21,1933,21.5,0,1,0,0,0,7,0,0.00,0.05,0.05,0.00,0.05,0.1,0.1,1.3,1.3,0.00,0.06,0.06,0.00,0.06,Matches
513,Neco Williams\dd323728,wls WAL,DF,Liverpool,20-351,2001,1,0,8,0.1,0,1,0,0,0,0,0,0.00,11.25,11.25,0.00,11.25,0.0,0.0,0.6,0.6,0.00,6.50,6.50,0.00,6.50,Matches
514,Joe Willock\a3b03921,eng ENG,MF,Newcastle Utd,22-222,1999,24,21,1756,19.5,2,0,2,0,0,0,0,0.10,0.00,0.10,0.10,0.10,3.0,3.0,1.0,4.0,0.15,0.05,0.21,0.15,0.21,Matches
515,Callum Wilson\c596fcb0,eng ENG,FW,Newcastle Utd,30-031,1992,15,14,1184,13.2,6,0,5,1,1,4,0,0.46,0.00,0.46,0.38,0.38,4.4,3.6,0.4,4.1,0.33,0.03,0.37,0.28,0.31,Matches
516,Harry Winks\2f7acede,eng ENG,MF,Tottenham,26-056,1996,14,9,844,9.4,0,1,0,0,0,2,0,0.00,0.11,0.11,0.00,0.11,0.1,0.1,1.5,1.6,0.01,0.16,0.17,0.01,0.17,Matches
517,Yoane Wissa\2500cef9,cd COD,FWMF,Brentford,25-208,1996,22,7,864,9.6,4,0,4,0,0,0,0,0.42,0.00,0.42,0.42,0.42,1.9,1.9,0.4,2.3,0.20,0.04,0.24,0.20,0.24,Matches
518,Chris Wood\4e9a0555,nz NZL,FW,Newcastle Utd,30-113,1991,10,10,900,10.0,1,0,1,0,0,0,0,0.10,0.00,0.10,0.10,0.10,1.8,1.8,0.8,2.6,0.18,0.08,0.26,0.18,0.26,Matches
519,Chris Wood\4e9a0555,nz NZL,FW,Burnley,30-113,1991,17,17,1367,15.2,3,0,3,0,0,1,0,0.20,0.00,0.20,0.20,0.20,4.5,4.5,0.2,4.7,0.30,0.02,0.31,0.30,0.31,Matches
520,Freddie Woodman\19e50035,eng ENG,GK,Newcastle Utd,25-026,1997,4,4,360,4.0,0,0,0,0,0,0,0,0.00,0.00,0.00,0.00,0.00,0.0,0.0,0.0,0.0,0.00,0.00,0.00,0.00,0.00,Matches
521,Granit Xhaka\e61b8aee,ch SUI,MF,Arsenal,29-184,1992,17,17,1455,16.2,0,1,0,0,0,6,1,0.00,0.06,0.06,0.00,0.06,0.8,0.8,1.6,2.4,0.05,0.10,0.15,0.05,0.15,Matches
522,Andriy Yarmolenko\849c826a,ua UKR,FWMF,West Ham,32-158,1989,13,0,169,1.9,1,0,1,0,0,1,0,0.53,0.00,0.53,0.53,0.53,0.5,0.5,0.0,0.5,0.27,0.02,0.29,0.27,0.29,Matches
523,Ashley Young\be927d03,eng ENG,DFFW,Aston Villa,36-264,1985,19,9,1050,11.7,0,2,0,0,0,0,0,0.00,0.17,0.17,0.00,0.17,0.4,0.4,0.3,0.7,0.03,0.03,0.06,0.03,0.06,Matches
524,Wilfried Zaha\b2bc3b1f,ci CIV,FW,Crystal Palace,29-140,1992,24,23,2021,22.5,9,1,6,3,4,5,1,0.40,0.04,0.45,0.27,0.31,5.9,2.8,4.0,6.9,0.26,0.18,0.44,0.13,0.31,Matches
525,Christoph Zimmermann\2d5f03bf,de GER,DF,Norwich City,29-077,1993,1,1,45,0.5,0,0,0,0,0,0,0,0.00,0.00,0.00,0.00,0.00,0.0,0.0,0.0,0.0,0.08,0.00,0.08,0.08,0.08,Matches
526,Oleksandr Zinchenko\51cf8561,ua UKR,DF,Manchester City,25-105,1996,8,6,597,6.6,0,1,0,0,0,0,0,0.00,0.15,0.15,0.00,0.15,0.1,0.1,0.9,1.1,0.02,0.14,0.16,0.02,0.16,Matches
527,Hakim Ziyech\6622454d,ma MAR,FWMF,Chelsea,29-011,1993,15,11,966,10.7,4,2,4,0,0,3,0,0.37,0.19,0.56,0.37,0.56,2.9,2.9,2.3,5.3,0.27,0.22,0.49,0.27,0.49,Matches
528,Kurt Zouma\ce4246f5,fr FRA,DF,West Ham,27-154,1994,18,18,1600,17.8,1,0,1,0,0,1,0,0.06,0.00,0.06,0.06,0.06,0.8,0.8,0.0,0.8,0.05,0.00,0.05,0.05,0.05,Matches
529,Martin Ødegaard\79300479,no NOR,MF,Arsenal,23-103,1998,26,22,1886,21.0,5,3,5,0,0,2,0,0.24,0.14,0.38,0.24,0.38,3.3,3.3,4.8,8.1,0.16,0.23,0.39,0.16,0.39,Matches
